{"v":"5.4.4","fr":24,"ip":0,"op":28,"w":50,"h":50,"nm":"pinterest 3","ddd":0,"assets":[],"layers":[{"ddd":0,"ind":1,"ty":4,"nm":"Circle 2","sr":1,"ks":{"o":{"a":0,"k":100,"ix":11},"r":{"a":0,"k":0,"ix":10},"p":{"a":0,"k":[25,25,0],"ix":2},"a":{"a":0,"k":[25,25,0],"ix":1},"s":{"a":0,"k":[100,100,100],"ix":6}},"ao":0,"shapes":[{"ty":"gr","it":[{"ind":0,"ty":"sh","ix":1,"ks":{"a":0,"k":{"i":[[11.61,0],[0,11.61],[-11.61,0],[0,-11.61]],"o":[[-11.61,0],[0,-11.61],[11.61,0],[0,11.61]],"v":[[0,21],[-21,0],[0,-21],[21,0]],"c":true},"ix":2},"nm":"Path 1","mn":"ADBE Vector Shape - Group","hd":false},{"ind":1,"ty":"sh","ix":2,"ks":{"a":0,"k":{"i":[[12.69,0],[0,-12.69],[-12.69,0],[0,12.69]],"o":[[-12.69,0],[0,12.69],[12.69,0],[0,-12.69]],"v":[[0,-23],[-23,0],[0,23],[23,0]],"c":true},"ix":2},"nm":"Path 2","mn":"ADBE Vector Shape - Group","hd":false},{"ty":"mm","mm":1,"nm":"Merge Paths 1","mn":"ADBE Vector Filter - Merge","hd":false},{"ty":"fl","c":{"a":0,"k":[0,0,0,1],"ix":4},"o":{"a":0,"k":100,"ix":5},"r":1,"bm":0,"nm":"Fill 1","mn":"ADBE Vector Graphic - Fill","hd":false},{"ty":"tr","p":{"a":0,"k":[25,25],"ix":2},"a":{"a":0,"k":[0,0],"ix":1},"s":{"a":0,"k":[100,100],"ix":3},"r":{"a":0,"k":0,"ix":6},"o":{"a":0,"k":100,"ix":7},"sk":{"a":0,"k":0,"ix":4},"sa":{"a":0,"k":0,"ix":5},"nm":"Transform"}],"nm":"Group 2","np":4,"cix":2,"bm":0,"ix":1,"mn":"ADBE Vector Group","hd":false}],"ip":0,"op":28,"st":0,"bm":0},{"ddd":0,"ind":2,"ty":4,"nm":"pinterest Outlines","sr":1,"ks":{"o":{"a":0,"k":100,"ix":11},"r":{"a":0,"k":0,"ix":10},"p":{"s":true,"x":{"a":1,"k":[{"i":{"x":[0.667],"y":[1]},"o":{"x":[0.333],"y":[0]},"t":7,"s":[25],"e":[27.25]},{"i":{"x":[0.667],"y":[1]},"o":{"x":[0.333],"y":[0]},"t":10,"s":[27.25],"e":[24]},{"i":{"x":[0.667],"y":[1]},"o":{"x":[0.333],"y":[0]},"t":14,"s":[24],"e":[27.25]},{"i":{"x":[0.667],"y":[1]},"o":{"x":[0.333],"y":[0]},"t":18,"s":[27.25],"e":[25]},{"t":21}],"ix":3},"y":{"a":0,"k":25,"ix":4}},"a":{"a":0,"k":[25,25,0],"ix":1},"s":{"a":1,"k":[{"i":{"x":[0.667,0.667,0.667],"y":[1,1,1]},"o":{"x":[0.333,0.333,0.333],"y":[0,0,0]},"t":3,"s":[100,100,100],"e":[110,110,100]},{"i":{"x":[0.667,0.667,0.667],"y":[1,1,1]},"o":{"x":[0.333,0.333,0.333],"y":[0,0,0]},"t":7,"s":[110,110,100],"e":[110,110,100]},{"i":{"x":[0.667,0.667,0.667],"y":[1,1,1]},"o":{"x":[0.333,0.333,0.333],"y":[0,0,0]},"t":21,"s":[110,110,100],"e":[100,100,100]},{"t":25}],"ix":6}},"ao":0,"shapes":[{"ty":"gr","it":[{"ind":0,"ty":"sh","ix":1,"ks":{"a":0,"k":{"i":[[0,-6.18],[4.69,0],[0,0],[0.44,-1.65],[0.42,-0.92],[0.34,-0.5],[0.19,0.04],[0.05,0.43],[-0.09,1.35],[0,0],[0,0],[-3.12,0],[0.68,-2.41],[0.03,-0.14],[-0.01,-0.3],[-2.32,0],[0,3.7],[5.52,0],[0,-3.94],[-0.4,-0.48],[0,0],[0,0],[0.59,0.35],[0,5.1],[-7.64,0]],"o":[[0,7.64],[-3.29,0],[0,0],[-0.43,1.64],[-0.47,1.04],[-0.27,0.4],[-0.2,-0.04],[-0.06,-0.6],[0.07,-0.88],[0,0],[-1.37,-2.8],[2.21,0],[-0.3,1.07],[-0.03,0.15],[0,0.88],[3.74,0],[0,-2.98],[-5.63,0],[0,2.2],[0.33,0.4],[0,0],[-0.13,0.47],[-0.6,-0.34],[0,-5.23],[6.07,0]],"v":[[12,-5.02],[2.54,6.7],[-1.97,4.57],[-3,8.52],[-3.92,11.1],[-5.89,14.28],[-6.69,14.98],[-6.94,14.3],[-7.11,10.36],[-6.73,7.98],[-4.51,-1.13],[-1.64,-8.32],[0.47,-3.91],[-0.8,0.31],[-0.89,1.05],[2.11,3.73],[7.62,-5.51],[0.21,-12.09],[-8.52,-3.87],[-7.25,-0.3],[-7.09,0.48],[-7.44,1.9],[-8.58,2.27],[-12,-4.37],[0.57,-15.02]],"c":true},"ix":2},"nm":"Path 1","mn":"ADBE Vector Shape - Group","hd":false},{"ty":"fl","c":{"a":0,"k":[0,0,0,1],"ix":4},"o":{"a":0,"k":100,"ix":5},"r":1,"bm":0,"nm":"Fill 2","mn":"ADBE Vector Graphic - Fill","hd":false},{"ty":"fl","c":{"a":0,"k":[0,0,0,1],"ix":4},"o":{"a":0,"k":100,"ix":5},"r":1,"bm":0,"nm":"Fill 1","mn":"ADBE Vector Graphic - Fill","hd":false},{"ty":"tr","p":{"a":0,"k":[25,26.02],"ix":2},"a":{"a":0,"k":[0,0],"ix":1},"s":{"a":0,"k":[100,100],"ix":3},"r":{"a":0,"k":0,"ix":6},"o":{"a":0,"k":100,"ix":7},"sk":{"a":0,"k":0,"ix":4},"sa":{"a":0,"k":0,"ix":5},"nm":"Transform"}],"nm":"Group 1","np":3,"cix":2,"bm":0,"ix":1,"mn":"ADBE Vector Group","hd":false}],"ip":0,"op":28,"st":0,"bm":0}],"markers":[]}