{"v":"5.4.4","fr":24,"ip":0,"op":28,"w":50,"h":50,"nm":"Youtube","ddd":0,"assets":[],"layers":[{"ddd":0,"ind":1,"ty":4,"nm":"YouTube","sr":1,"ks":{"o":{"a":0,"k":100,"ix":11},"r":{"a":0,"k":0,"ix":10},"p":{"a":0,"k":[25,25,0],"ix":2},"a":{"a":0,"k":[25,25,0],"ix":1},"s":{"a":0,"k":[100,100,100],"ix":6}},"ao":0,"shapes":[{"ty":"gr","it":[{"ind":0,"ty":"sh","ix":1,"ks":{"a":0,"k":{"i":[[0,0],[0,0],[0,0]],"o":[[0,0],[0,0],[0,0]],"v":[[-5.459,-6.282],[-5.459,6.282],[5.459,0]],"c":true},"ix":2},"nm":"Path 1","mn":"ADBE Vector Shape - Group","hd":false},{"ty":"st","c":{"a":0,"k":[0,0,0,1],"ix":3},"o":{"a":0,"k":100,"ix":4},"w":{"a":0,"k":2,"ix":5},"lc":1,"lj":1,"ml":10,"bm":0,"nm":"Stroke 1","mn":"ADBE Vector Graphic - Stroke","hd":false},{"ty":"tr","p":{"a":0,"k":[25.459,25],"ix":2},"a":{"a":0,"k":[0,0],"ix":1},"s":{"a":1,"k":[{"i":{"x":[0.667,0.667],"y":[1,1]},"o":{"x":[0.333,0.333],"y":[0,0]},"t":3,"s":[100,100],"e":[147,147]},{"i":{"x":[0.667,0.667],"y":[1,1]},"o":{"x":[0.333,0.333],"y":[0,0]},"t":4,"s":[147,147],"e":[0,0]},{"t":6}],"ix":3},"r":{"a":0,"k":0,"ix":6},"o":{"a":0,"k":100,"ix":7},"sk":{"a":0,"k":0,"ix":4},"sa":{"a":0,"k":0,"ix":5},"nm":"Transform"}],"nm":"Group 1","np":2,"cix":2,"bm":0,"ix":1,"mn":"ADBE Vector Group","hd":false},{"ty":"gr","it":[{"ind":0,"ty":"sh","ix":1,"ks":{"a":1,"k":[{"i":{"x":0.667,"y":1},"o":{"x":0.333,"y":0},"t":3,"s":[{"i":[[-6.265,0],[-3.35,-0.477],[-0.306,-1.688],[0,-3.628],[0.405,-2.539],[2.009,-0.458],[6.153,0],[3.607,0.723],[0.309,1.699],[0,4.877],[-0.356,2.146],[-2.02,0.461]],"o":[[6.687,0],[1.94,0.455],[0.65,3.254],[-0.098,4.417],[-0.299,1.726],[-3.632,0.729],[-6.154,0],[-1.96,-0.447],[-0.401,-2.009],[0,-4.643],[0.299,-1.725],[3.366,-0.716]],"v":[[-0.15,-15],[15.828,-14.016],[19.521,-10.504],[20.5,-0.122],[19.517,10.329],[15.815,13.819],[-0.05,15],[-15.89,13.825],[-19.622,10.304],[-20.5,0],[-19.717,-10.329],[-16.004,-13.822]],"c":true}],"e":[{"i":[[-7.181,0],[-3.839,-0.546],[-0.351,-1.935],[0,-4.159],[0.465,-2.909],[2.302,-0.525],[7.054,0],[4.134,0.829],[0.353,1.948],[0,5.591],[-0.409,2.459],[-2.316,0.527]],"o":[[7.665,0],[2.225,0.522],[0.744,3.73],[-0.112,5.063],[-0.343,1.979],[-4.164,0.835],[-7.055,0],[-2.247,-0.512],[-0.46,-2.303],[0,-5.322],[0.343,-1.978],[3.859,-0.821]],"v":[[-0.172,-17.195],[18.144,-16.067],[22.378,-12.041],[23.5,-0.14],[22.373,11.84],[18.13,15.842],[-0.057,17.196],[-18.215,15.848],[-22.493,11.812],[-23.5,0],[-22.602,-11.84],[-18.346,-15.844]],"c":true}]},{"i":{"x":0.667,"y":1},"o":{"x":0.333,"y":0},"t":4,"s":[{"i":[[-7.181,0],[-3.839,-0.546],[-0.351,-1.935],[0,-4.159],[0.465,-2.909],[2.302,-0.525],[7.054,0],[4.134,0.829],[0.353,1.948],[0,5.591],[-0.409,2.459],[-2.316,0.527]],"o":[[7.665,0],[2.225,0.522],[0.744,3.73],[-0.112,5.063],[-0.343,1.979],[-4.164,0.835],[-7.055,0],[-2.247,-0.512],[-0.46,-2.303],[0,-5.322],[0.343,-1.978],[3.859,-0.821]],"v":[[-0.172,-17.195],[18.144,-16.067],[22.378,-12.041],[23.5,-0.14],[22.373,11.84],[18.13,15.842],[-0.057,17.196],[-18.215,15.848],[-22.493,11.812],[-23.5,0],[-22.602,-11.84],[-18.346,-15.844]],"c":true}],"e":[{"i":[[-4.944,0],[-1.534,-0.156],[-0.804,-0.6],[-0.293,-1.331],[0,-2.35],[0.293,-1.331],[0.804,-0.6],[1.534,-0.157],[2.483,0],[1.602,1.191],[0,4.736],[-1.614,1.191]],"o":[[2.483,0],[1.534,0.156],[0.804,0.6],[0.293,1.331],[0,2.349],[-0.293,1.331],[-0.804,0.6],[-1.534,0.157],[-4.993,0],[-1.602,-1.191],[0,-4.737],[1.614,-1.191]],"v":[[-2.5,-2],[3.472,-1.837],[6.925,-0.775],[8.516,2.05],[8.9,7.5],[8.516,12.948],[6.925,15.774],[3.472,16.837],[-2.5,17],[-11.945,15.802],[-13.9,7.5],[-11.908,-0.802]],"c":true}]},{"i":{"x":0.667,"y":1},"o":{"x":0.333,"y":0},"t":7,"s":[{"i":[[-4.944,0],[-1.534,-0.156],[-0.804,-0.6],[-0.293,-1.331],[0,-2.35],[0.293,-1.331],[0.804,-0.6],[1.534,-0.157],[2.483,0],[1.602,1.191],[0,4.736],[-1.614,1.191]],"o":[[2.483,0],[1.534,0.156],[0.804,0.6],[0.293,1.331],[0,2.349],[-0.293,1.331],[-0.804,0.6],[-1.534,0.157],[-4.993,0],[-1.602,-1.191],[0,-4.737],[1.614,-1.191]],"v":[[-2.5,-2],[3.472,-1.837],[6.925,-0.775],[8.516,2.05],[8.9,7.5],[8.516,12.948],[6.925,15.774],[3.472,16.837],[-2.5,17],[-11.945,15.802],[-13.9,7.5],[-11.908,-0.802]],"c":true}],"e":[{"i":[[-6.505,0],[-2.019,-0.206],[-1.058,-0.789],[-0.385,-1.752],[0,-3.092],[0.385,-1.751],[1.058,-0.79],[2.019,-0.206],[3.268,0],[2.108,1.567],[0,6.231],[-2.124,1.567]],"o":[[3.268,0],[2.019,0.206],[1.058,0.789],[0.385,1.752],[0,3.091],[-0.385,1.751],[-1.058,0.79],[-2.019,0.206],[-6.569,0],[-2.108,-1.567],[0,-6.232],[2.124,-1.567]],"v":[[-2.5,-5],[5.358,-4.786],[9.901,-3.388],[11.994,0.329],[12.5,7.5],[11.994,14.669],[9.901,18.387],[5.358,19.786],[-2.5,20],[-14.927,18.423],[-17.5,7.5],[-14.879,-3.424]],"c":true}]},{"t":8}],"ix":2},"nm":"Path 1","mn":"ADBE Vector Shape - Group","hd":false},{"ty":"st","c":{"a":0,"k":[0,0,0,1],"ix":3},"o":{"a":0,"k":100,"ix":4},"w":{"a":0,"k":2,"ix":5},"lc":1,"lj":1,"ml":10,"bm":0,"nm":"Stroke 1","mn":"ADBE Vector Graphic - Stroke","hd":false},{"ty":"tr","p":{"a":0,"k":[24.5,25],"ix":2},"a":{"a":0,"k":[0,0],"ix":1},"s":{"a":0,"k":[100,100],"ix":3},"r":{"a":0,"k":0,"ix":6},"o":{"a":0,"k":100,"ix":7},"sk":{"a":0,"k":0,"ix":4},"sa":{"a":0,"k":0,"ix":5},"nm":"Transform"}],"nm":"Group 3","np":2,"cix":2,"bm":0,"ix":2,"mn":"ADBE Vector Group","hd":false}],"ip":0,"op":14,"st":0,"bm":0},{"ddd":0,"ind":2,"ty":4,"nm":"Retro TV 2","td":1,"sr":1,"ks":{"o":{"a":0,"k":100,"ix":11},"r":{"a":0,"k":0,"ix":10},"p":{"a":0,"k":[25,25,0],"ix":2},"a":{"a":0,"k":[25,25,0],"ix":1},"s":{"a":0,"k":[100,100,100],"ix":6}},"ao":0,"shapes":[{"ty":"gr","it":[{"ind":0,"ty":"sh","ix":1,"ks":{"a":0,"k":{"i":[[-9.888,0],[0,-9.399],[9.934,0],[0,9.471]],"o":[[9.934,0],[0,9.396],[-9.986,0],[0,-9.473]],"v":[[0,-9.5],[11.4,0],[0,9.5],[-11.4,0]],"c":true},"ix":2},"nm":"Path 1","mn":"ADBE Vector Shape - Group","hd":false},{"ty":"fl","c":{"a":0,"k":[0.62400004069,0.961000031116,1,1],"ix":4},"o":{"a":0,"k":100,"ix":5},"r":1,"bm":0,"nm":"Fill 1","mn":"ADBE Vector Graphic - Fill","hd":false},{"ty":"tr","p":{"a":0,"k":[22,32.5],"ix":2},"a":{"a":0,"k":[0,0],"ix":1},"s":{"a":0,"k":[100,100],"ix":3},"r":{"a":0,"k":0,"ix":6},"o":{"a":0,"k":100,"ix":7},"sk":{"a":0,"k":0,"ix":4},"sa":{"a":0,"k":0,"ix":5},"nm":"Transform"}],"nm":"Group 5","np":2,"cix":2,"bm":0,"ix":1,"mn":"ADBE Vector Group","hd":false}],"ip":0,"op":14,"st":0,"bm":0},{"ddd":0,"ind":3,"ty":4,"nm":"Retro TV","tt":2,"sr":1,"ks":{"o":{"a":0,"k":100,"ix":11},"r":{"a":0,"k":0,"ix":10},"p":{"a":0,"k":[25,25,0],"ix":2},"a":{"a":0,"k":[25,25,0],"ix":1},"s":{"a":0,"k":[100,100,100],"ix":6}},"ao":0,"shapes":[{"ty":"gr","it":[{"ind":0,"ty":"sh","ix":1,"ks":{"a":0,"k":{"i":[[0.827,0],[0,-0.827],[-0.827,0],[0,0.827]],"o":[[-0.827,0],[0,0.827],[0.827,0],[0,-0.827]],"v":[[0,-1.5],[-1.5,0],[0,1.5],[1.5,0]],"c":true},"ix":2},"nm":"Path 1","mn":"ADBE Vector Shape - Group","hd":false},{"ty":"fl","c":{"a":0,"k":[0,0,0,1],"ix":4},"o":{"a":0,"k":100,"ix":5},"r":1,"bm":0,"nm":"Fill 1","mn":"ADBE Vector Graphic - Fill","hd":false},{"ty":"st","c":{"a":0,"k":[0,0,0,1],"ix":3},"o":{"a":0,"k":100,"ix":4},"w":{"a":0,"k":1,"ix":5},"lc":2,"lj":1,"ml":10,"bm":0,"nm":"Stroke 1","mn":"ADBE Vector Graphic - Stroke","hd":false},{"ty":"tr","p":{"a":0,"k":[42,37],"ix":2},"a":{"a":0,"k":[0,0],"ix":1},"s":{"a":1,"k":[{"i":{"x":[0.667,0.667],"y":[1,1]},"o":{"x":[0.333,0.333],"y":[0,0]},"t":9,"s":[0,0],"e":[120,120]},{"i":{"x":[0.667,0.667],"y":[1,1]},"o":{"x":[0.333,0.333],"y":[0,0]},"t":10,"s":[120,120],"e":[100,100]},{"t":11}],"ix":3},"r":{"a":0,"k":0,"ix":6},"o":{"a":0,"k":100,"ix":7},"sk":{"a":0,"k":0,"ix":4},"sa":{"a":0,"k":0,"ix":5},"nm":"Transform"}],"nm":"Group 1","np":3,"cix":2,"bm":0,"ix":1,"mn":"ADBE Vector Group","hd":false},{"ty":"gr","it":[{"ind":0,"ty":"sh","ix":1,"ks":{"a":0,"k":{"i":[[0.827,0],[0,-0.827],[-0.827,0],[0,0.827]],"o":[[-0.827,0],[0,0.827],[0.827,0],[0,-0.827]],"v":[[0,-1.5],[-1.5,0],[0,1.5],[1.5,0]],"c":true},"ix":2},"nm":"Path 1","mn":"ADBE Vector Shape - Group","hd":false},{"ty":"fl","c":{"a":0,"k":[0,0,0,1],"ix":4},"o":{"a":0,"k":100,"ix":5},"r":1,"bm":0,"nm":"Fill 1","mn":"ADBE Vector Graphic - Fill","hd":false},{"ty":"st","c":{"a":0,"k":[0,0,0,1],"ix":3},"o":{"a":0,"k":100,"ix":4},"w":{"a":0,"k":1,"ix":5},"lc":2,"lj":1,"ml":10,"bm":0,"nm":"Stroke 1","mn":"ADBE Vector Graphic - Stroke","hd":false},{"ty":"tr","p":{"a":0,"k":[42,28],"ix":2},"a":{"a":0,"k":[0,0],"ix":1},"s":{"a":1,"k":[{"i":{"x":[0.667,0.667],"y":[1,1]},"o":{"x":[0.333,0.333],"y":[0,0]},"t":9,"s":[0,0],"e":[120,120]},{"i":{"x":[0.667,0.667],"y":[1,1]},"o":{"x":[0.333,0.333],"y":[0,0]},"t":10,"s":[120,120],"e":[100,100]},{"t":11}],"ix":3},"r":{"a":0,"k":0,"ix":6},"o":{"a":0,"k":100,"ix":7},"sk":{"a":0,"k":0,"ix":4},"sa":{"a":0,"k":0,"ix":5},"nm":"Transform"}],"nm":"Group 2","np":3,"cix":2,"bm":0,"ix":2,"mn":"ADBE Vector Group","hd":false},{"ty":"gr","it":[{"ind":0,"ty":"sh","ix":1,"ks":{"a":1,"k":[{"i":{"x":0.667,"y":1},"o":{"x":0.333,"y":0},"t":5,"s":[{"i":[[0,0],[-1.15,0],[0,0],[0,-1.255],[0,0],[1.15,0],[0,0],[0,1.255]],"o":[[0,-1.255],[0,0],[1.15,0],[0,0],[0,1.255],[0,0],[-1.15,0],[0,0]],"v":[[-11.917,-3.955],[-9.834,-6.227],[3.313,-6.249],[5.395,-3.977],[5.375,4.166],[3.292,6.439],[-9.855,6.46],[-11.938,4.188]],"c":true}],"e":[{"i":[[0,0],[-2.531,0],[0,0],[0,-2.761],[0,0],[2.53,0],[0,0],[0,2.761]],"o":[[0,-2.761],[0,0],[2.53,0],[0,0],[0,2.761],[0,0],[-2.531,0],[0,0]],"v":[[-22,-11.5],[-17.417,-16.5],[17.417,-16.5],[22,-11.5],[22,11.5],[17.417,16.5],[-17.417,16.5],[-22,11.5]],"c":true}]},{"t":10}],"ix":2},"nm":"Path 1","mn":"ADBE Vector Shape - Group","hd":false},{"ty":"st","c":{"a":0,"k":[0,0,0,1],"ix":3},"o":{"a":0,"k":100,"ix":4},"w":{"a":0,"k":2,"ix":5},"lc":2,"lj":2,"bm":0,"nm":"Stroke 1","mn":"ADBE Vector Graphic - Stroke","hd":false},{"ty":"tr","p":{"a":0,"k":[25,32.5],"ix":2},"a":{"a":0,"k":[0,0],"ix":1},"s":{"a":0,"k":[100,100],"ix":3},"r":{"a":0,"k":0,"ix":6},"o":{"a":0,"k":100,"ix":7},"sk":{"a":0,"k":0,"ix":4},"sa":{"a":0,"k":0,"ix":5},"nm":"Transform"}],"nm":"Group 4","np":2,"cix":2,"bm":0,"ix":3,"mn":"ADBE Vector Group","hd":false},{"ty":"gr","it":[{"ind":0,"ty":"sh","ix":1,"ks":{"a":1,"k":[{"i":{"x":0.667,"y":1},"o":{"x":0.333,"y":0},"t":7,"s":[{"i":[[0,0],[0,0],[0,0]],"o":[[0,0],[0,0],[0,0]],"v":[[-10.5,-1.5],[-2.5,10.375],[10.5,-6.5]],"c":false}],"e":[{"i":[[0,0],[0,0],[0,0]],"o":[[0,0],[0,0],[0,0]],"v":[[-14.563,-5.563],[-2.5,6.167],[14.563,-10.563]],"c":false}]},{"i":{"x":0.667,"y":1},"o":{"x":0.333,"y":0},"t":10,"s":[{"i":[[0,0],[0,0],[0,0]],"o":[[0,0],[0,0],[0,0]],"v":[[-14.563,-5.563],[-2.5,6.167],[14.563,-10.563]],"c":false}],"e":[{"i":[[0,0],[0,0],[0,0]],"o":[[0,0],[0,0],[0,0]],"v":[[-10.5,-1.5],[-2.5,6.5],[10.5,-6.5]],"c":false}]},{"t":11}],"ix":2},"nm":"Path 1","mn":"ADBE Vector Shape - Group","hd":false},{"ty":"tm","s":{"a":1,"k":[{"i":{"x":[0.667],"y":[1]},"o":{"x":[0.333],"y":[0]},"t":7,"s":[38],"e":[0]},{"t":11}],"ix":1},"e":{"a":1,"k":[{"i":{"x":[0.667],"y":[1]},"o":{"x":[0.333],"y":[0]},"t":7,"s":[38],"e":[100]},{"t":11}],"ix":2},"o":{"a":0,"k":0,"ix":3},"m":1,"ix":2,"nm":"Trim Paths 1","mn":"ADBE Vector Filter - Trim","hd":false},{"ty":"st","c":{"a":0,"k":[0,0,0,1],"ix":3},"o":{"a":0,"k":100,"ix":4},"w":{"a":0,"k":2,"ix":5},"lc":2,"lj":2,"bm":0,"nm":"Stroke 1","mn":"ADBE Vector Graphic - Stroke","hd":false},{"ty":"tr","p":{"a":0,"k":[27.5,9.5],"ix":2},"a":{"a":0,"k":[0,0],"ix":1},"s":{"a":0,"k":[100,100],"ix":3},"r":{"a":0,"k":0,"ix":6},"o":{"a":0,"k":100,"ix":7},"sk":{"a":0,"k":0,"ix":4},"sa":{"a":0,"k":0,"ix":5},"nm":"Transform"}],"nm":"Group 6","np":3,"cix":2,"bm":0,"ix":4,"mn":"ADBE Vector Group","hd":false}],"ip":0,"op":14,"st":0,"bm":0},{"ddd":0,"ind":4,"ty":4,"nm":"YouTube 2","sr":1,"ks":{"o":{"a":0,"k":100,"ix":11},"r":{"a":0,"k":0,"ix":10},"p":{"a":0,"k":[25,25,0],"ix":2},"a":{"a":0,"k":[25,25,0],"ix":1},"s":{"a":0,"k":[100,100,100],"ix":6}},"ao":0,"shapes":[{"ty":"gr","it":[{"ind":0,"ty":"sh","ix":1,"ks":{"a":0,"k":{"i":[[0,0],[0,0],[0,0]],"o":[[0,0],[0,0],[0,0]],"v":[[-5.459,-6.282],[-5.459,6.282],[5.459,0]],"c":true},"ix":2},"nm":"Path 1","mn":"ADBE Vector Shape - Group","hd":false},{"ty":"st","c":{"a":0,"k":[0,0,0,1],"ix":3},"o":{"a":0,"k":100,"ix":4},"w":{"a":0,"k":2,"ix":5},"lc":1,"lj":1,"ml":10,"bm":0,"nm":"Stroke 1","mn":"ADBE Vector Graphic - Stroke","hd":false},{"ty":"tr","p":{"a":0,"k":[25.459,25],"ix":2},"a":{"a":0,"k":[0,0],"ix":1},"s":{"a":1,"k":[{"i":{"x":[0.667,0.667],"y":[1,1]},"o":{"x":[0.167,0.167],"y":[0,0]},"t":22,"s":[0,0],"e":[147,147]},{"i":{"x":[0.833,0.833],"y":[1,1]},"o":{"x":[0.167,0.167],"y":[0,0]},"t":24,"s":[147,147],"e":[100,100]},{"t":25}],"ix":3},"r":{"a":0,"k":0,"ix":6},"o":{"a":0,"k":100,"ix":7},"sk":{"a":0,"k":0,"ix":4},"sa":{"a":0,"k":0,"ix":5},"nm":"Transform"}],"nm":"Group 1","np":2,"cix":2,"bm":0,"ix":1,"mn":"ADBE Vector Group","hd":false},{"ty":"gr","it":[{"ind":0,"ty":"sh","ix":1,"ks":{"a":1,"k":[{"i":{"x":0.667,"y":1},"o":{"x":0.167,"y":0},"t":20,"s":[{"i":[[-6.505,0],[-2.019,-0.206],[-1.058,-0.789],[-0.385,-1.752],[0,-3.092],[0.385,-1.751],[1.058,-0.79],[2.019,-0.206],[3.268,0],[2.108,1.567],[0,6.231],[-2.124,1.567]],"o":[[3.268,0],[2.019,0.206],[1.058,0.789],[0.385,1.752],[0,3.091],[-0.385,1.751],[-1.058,0.79],[-2.019,0.206],[-6.569,0],[-2.108,-1.567],[0,-6.232],[2.124,-1.567]],"v":[[-2.5,-5],[5.358,-4.786],[9.901,-3.388],[11.994,0.329],[12.5,7.5],[11.994,14.669],[9.901,18.387],[5.358,19.786],[-2.5,20],[-14.927,18.423],[-17.5,7.5],[-14.879,-3.424]],"c":true}],"e":[{"i":[[-4.944,0],[-1.534,-0.156],[-0.804,-0.6],[-0.293,-1.331],[0,-2.35],[0.293,-1.331],[0.804,-0.6],[1.534,-0.157],[2.483,0],[1.602,1.191],[0,4.736],[-1.614,1.191]],"o":[[2.483,0],[1.534,0.156],[0.804,0.6],[0.293,1.331],[0,2.349],[-0.293,1.331],[-0.804,0.6],[-1.534,0.157],[-4.993,0],[-1.602,-1.191],[0,-4.737],[1.614,-1.191]],"v":[[-2.5,-2],[3.472,-1.837],[6.925,-0.775],[8.516,2.05],[8.9,7.5],[8.516,12.948],[6.925,15.774],[3.472,16.837],[-2.5,17],[-11.945,15.802],[-13.9,7.5],[-11.908,-0.802]],"c":true}]},{"i":{"x":0.667,"y":1},"o":{"x":0.167,"y":0},"t":21,"s":[{"i":[[-4.944,0],[-1.534,-0.156],[-0.804,-0.6],[-0.293,-1.331],[0,-2.35],[0.293,-1.331],[0.804,-0.6],[1.534,-0.157],[2.483,0],[1.602,1.191],[0,4.736],[-1.614,1.191]],"o":[[2.483,0],[1.534,0.156],[0.804,0.6],[0.293,1.331],[0,2.349],[-0.293,1.331],[-0.804,0.6],[-1.534,0.157],[-4.993,0],[-1.602,-1.191],[0,-4.737],[1.614,-1.191]],"v":[[-2.5,-2],[3.472,-1.837],[6.925,-0.775],[8.516,2.05],[8.9,7.5],[8.516,12.948],[6.925,15.774],[3.472,16.837],[-2.5,17],[-11.945,15.802],[-13.9,7.5],[-11.908,-0.802]],"c":true}],"e":[{"i":[[-7.181,0],[-3.839,-0.546],[-0.351,-1.935],[0,-4.159],[0.465,-2.909],[2.302,-0.525],[7.054,0],[4.134,0.829],[0.353,1.948],[0,5.591],[-0.409,2.459],[-2.316,0.527]],"o":[[7.665,0],[2.225,0.522],[0.744,3.73],[-0.112,5.063],[-0.343,1.979],[-4.164,0.835],[-7.055,0],[-2.247,-0.512],[-0.46,-2.303],[0,-5.322],[0.343,-1.978],[3.859,-0.821]],"v":[[-0.172,-17.195],[18.144,-16.067],[22.378,-12.041],[23.5,-0.14],[22.373,11.84],[18.13,15.842],[-0.057,17.196],[-18.215,15.848],[-22.493,11.812],[-23.5,0],[-22.602,-11.84],[-18.346,-15.844]],"c":true}]},{"i":{"x":0.833,"y":1},"o":{"x":0.167,"y":0},"t":24,"s":[{"i":[[-7.181,0],[-3.839,-0.546],[-0.351,-1.935],[0,-4.159],[0.465,-2.909],[2.302,-0.525],[7.054,0],[4.134,0.829],[0.353,1.948],[0,5.591],[-0.409,2.459],[-2.316,0.527]],"o":[[7.665,0],[2.225,0.522],[0.744,3.73],[-0.112,5.063],[-0.343,1.979],[-4.164,0.835],[-7.055,0],[-2.247,-0.512],[-0.46,-2.303],[0,-5.322],[0.343,-1.978],[3.859,-0.821]],"v":[[-0.172,-17.195],[18.144,-16.067],[22.378,-12.041],[23.5,-0.14],[22.373,11.84],[18.13,15.842],[-0.057,17.196],[-18.215,15.848],[-22.493,11.812],[-23.5,0],[-22.602,-11.84],[-18.346,-15.844]],"c":true}],"e":[{"i":[[-6.265,0],[-3.35,-0.477],[-0.306,-1.688],[0,-3.628],[0.405,-2.539],[2.009,-0.458],[6.153,0],[3.607,0.723],[0.309,1.699],[0,4.877],[-0.356,2.146],[-2.02,0.461]],"o":[[6.687,0],[1.94,0.455],[0.65,3.254],[-0.098,4.417],[-0.299,1.726],[-3.632,0.729],[-6.154,0],[-1.96,-0.447],[-0.401,-2.009],[0,-4.643],[0.299,-1.725],[3.366,-0.716]],"v":[[-0.15,-15],[15.828,-14.016],[19.521,-10.504],[20.5,-0.122],[19.517,10.329],[15.815,13.819],[-0.05,15],[-15.89,13.825],[-19.622,10.304],[-20.5,0],[-19.717,-10.329],[-16.004,-13.822]],"c":true}]},{"t":25}],"ix":2},"nm":"Path 1","mn":"ADBE Vector Shape - Group","hd":false},{"ty":"st","c":{"a":0,"k":[0,0,0,1],"ix":3},"o":{"a":0,"k":100,"ix":4},"w":{"a":0,"k":2,"ix":5},"lc":1,"lj":1,"ml":10,"bm":0,"nm":"Stroke 1","mn":"ADBE Vector Graphic - Stroke","hd":false},{"ty":"tr","p":{"a":0,"k":[24.5,25],"ix":2},"a":{"a":0,"k":[0,0],"ix":1},"s":{"a":0,"k":[100,100],"ix":3},"r":{"a":0,"k":0,"ix":6},"o":{"a":0,"k":100,"ix":7},"sk":{"a":0,"k":0,"ix":4},"sa":{"a":0,"k":0,"ix":5},"nm":"Transform"}],"nm":"Group 3","np":2,"cix":2,"bm":0,"ix":2,"mn":"ADBE Vector Group","hd":false}],"ip":14,"op":28,"st":13,"bm":0},{"ddd":0,"ind":5,"ty":4,"nm":"Retro TV 4","td":1,"sr":1,"ks":{"o":{"a":0,"k":100,"ix":11},"r":{"a":0,"k":0,"ix":10},"p":{"a":0,"k":[25,25,0],"ix":2},"a":{"a":0,"k":[25,25,0],"ix":1},"s":{"a":0,"k":[100,100,100],"ix":6}},"ao":0,"shapes":[{"ty":"gr","it":[{"ind":0,"ty":"sh","ix":1,"ks":{"a":0,"k":{"i":[[-9.888,0],[0,-9.399],[9.934,0],[0,9.471]],"o":[[9.934,0],[0,9.396],[-9.986,0],[0,-9.473]],"v":[[0,-9.5],[11.4,0],[0,9.5],[-11.4,0]],"c":true},"ix":2},"nm":"Path 1","mn":"ADBE Vector Shape - Group","hd":false},{"ty":"fl","c":{"a":0,"k":[0.62400004069,0.961000031116,1,1],"ix":4},"o":{"a":0,"k":100,"ix":5},"r":1,"bm":0,"nm":"Fill 1","mn":"ADBE Vector Graphic - Fill","hd":false},{"ty":"tr","p":{"a":0,"k":[22,32.5],"ix":2},"a":{"a":0,"k":[0,0],"ix":1},"s":{"a":0,"k":[100,100],"ix":3},"r":{"a":0,"k":0,"ix":6},"o":{"a":0,"k":100,"ix":7},"sk":{"a":0,"k":0,"ix":4},"sa":{"a":0,"k":0,"ix":5},"nm":"Transform"}],"nm":"Group 5","np":2,"cix":2,"bm":0,"ix":1,"mn":"ADBE Vector Group","hd":false}],"ip":14,"op":28,"st":13,"bm":0},{"ddd":0,"ind":6,"ty":4,"nm":"Retro TV 3","tt":2,"sr":1,"ks":{"o":{"a":0,"k":100,"ix":11},"r":{"a":0,"k":0,"ix":10},"p":{"a":0,"k":[25,25,0],"ix":2},"a":{"a":0,"k":[25,25,0],"ix":1},"s":{"a":0,"k":[100,100,100],"ix":6}},"ao":0,"shapes":[{"ty":"gr","it":[{"ind":0,"ty":"sh","ix":1,"ks":{"a":0,"k":{"i":[[0.827,0],[0,-0.827],[-0.827,0],[0,0.827]],"o":[[-0.827,0],[0,0.827],[0.827,0],[0,-0.827]],"v":[[0,-1.5],[-1.5,0],[0,1.5],[1.5,0]],"c":true},"ix":2},"nm":"Path 1","mn":"ADBE Vector Shape - Group","hd":false},{"ty":"fl","c":{"a":0,"k":[0,0,0,1],"ix":4},"o":{"a":0,"k":100,"ix":5},"r":1,"bm":0,"nm":"Fill 1","mn":"ADBE Vector Graphic - Fill","hd":false},{"ty":"st","c":{"a":0,"k":[0,0,0,1],"ix":3},"o":{"a":0,"k":100,"ix":4},"w":{"a":0,"k":1,"ix":5},"lc":2,"lj":1,"ml":10,"bm":0,"nm":"Stroke 1","mn":"ADBE Vector Graphic - Stroke","hd":false},{"ty":"tr","p":{"a":0,"k":[42,37],"ix":2},"a":{"a":0,"k":[0,0],"ix":1},"s":{"a":1,"k":[{"i":{"x":[0.667,0.667],"y":[1,1]},"o":{"x":[0.167,0.167],"y":[0,0]},"t":18,"s":[100,100],"e":[120,120]},{"i":{"x":[0.667,0.667],"y":[1,1]},"o":{"x":[0.333,0.333],"y":[0,0]},"t":19,"s":[120,120],"e":[0,0]},{"t":20}],"ix":3},"r":{"a":0,"k":0,"ix":6},"o":{"a":0,"k":100,"ix":7},"sk":{"a":0,"k":0,"ix":4},"sa":{"a":0,"k":0,"ix":5},"nm":"Transform"}],"nm":"Group 1","np":3,"cix":2,"bm":0,"ix":1,"mn":"ADBE Vector Group","hd":false},{"ty":"gr","it":[{"ind":0,"ty":"sh","ix":1,"ks":{"a":0,"k":{"i":[[0.827,0],[0,-0.827],[-0.827,0],[0,0.827]],"o":[[-0.827,0],[0,0.827],[0.827,0],[0,-0.827]],"v":[[0,-1.5],[-1.5,0],[0,1.5],[1.5,0]],"c":true},"ix":2},"nm":"Path 1","mn":"ADBE Vector Shape - Group","hd":false},{"ty":"fl","c":{"a":0,"k":[0,0,0,1],"ix":4},"o":{"a":0,"k":100,"ix":5},"r":1,"bm":0,"nm":"Fill 1","mn":"ADBE Vector Graphic - Fill","hd":false},{"ty":"st","c":{"a":0,"k":[0,0,0,1],"ix":3},"o":{"a":0,"k":100,"ix":4},"w":{"a":0,"k":1,"ix":5},"lc":2,"lj":1,"ml":10,"bm":0,"nm":"Stroke 1","mn":"ADBE Vector Graphic - Stroke","hd":false},{"ty":"tr","p":{"a":0,"k":[42,28],"ix":2},"a":{"a":0,"k":[0,0],"ix":1},"s":{"a":1,"k":[{"i":{"x":[0.667,0.667],"y":[1,1]},"o":{"x":[0.167,0.167],"y":[0,0]},"t":18,"s":[100,100],"e":[120,120]},{"i":{"x":[0.667,0.667],"y":[1,1]},"o":{"x":[0.333,0.333],"y":[0,0]},"t":19,"s":[120,120],"e":[0,0]},{"t":20}],"ix":3},"r":{"a":0,"k":0,"ix":6},"o":{"a":0,"k":100,"ix":7},"sk":{"a":0,"k":0,"ix":4},"sa":{"a":0,"k":0,"ix":5},"nm":"Transform"}],"nm":"Group 2","np":3,"cix":2,"bm":0,"ix":2,"mn":"ADBE Vector Group","hd":false},{"ty":"gr","it":[{"ind":0,"ty":"sh","ix":1,"ks":{"a":1,"k":[{"i":{"x":0.667,"y":1},"o":{"x":0.167,"y":0},"t":19,"s":[{"i":[[0,0],[-2.531,0],[0,0],[0,-2.761],[0,0],[2.53,0],[0,0],[0,2.761]],"o":[[0,-2.761],[0,0],[2.53,0],[0,0],[0,2.761],[0,0],[-2.531,0],[0,0]],"v":[[-22,-11.5],[-17.417,-16.5],[17.417,-16.5],[22,-11.5],[22,11.5],[17.417,16.5],[-17.417,16.5],[-22,11.5]],"c":true}],"e":[{"i":[[0,0],[-1.15,0],[0,0],[0,-1.255],[0,0],[1.15,0],[0,0],[0,1.255]],"o":[[0,-1.255],[0,0],[1.15,0],[0,0],[0,1.255],[0,0],[-1.15,0],[0,0]],"v":[[-11.917,-3.955],[-9.834,-6.227],[3.313,-6.249],[5.395,-3.977],[5.375,4.166],[3.292,6.439],[-9.855,6.46],[-11.938,4.188]],"c":true}]},{"t":22}],"ix":2},"nm":"Path 1","mn":"ADBE Vector Shape - Group","hd":false},{"ty":"st","c":{"a":0,"k":[0,0,0,1],"ix":3},"o":{"a":0,"k":100,"ix":4},"w":{"a":0,"k":2,"ix":5},"lc":2,"lj":2,"bm":0,"nm":"Stroke 1","mn":"ADBE Vector Graphic - Stroke","hd":false},{"ty":"tr","p":{"a":0,"k":[25,32.5],"ix":2},"a":{"a":0,"k":[0,0],"ix":1},"s":{"a":0,"k":[100,100],"ix":3},"r":{"a":0,"k":0,"ix":6},"o":{"a":0,"k":100,"ix":7},"sk":{"a":0,"k":0,"ix":4},"sa":{"a":0,"k":0,"ix":5},"nm":"Transform"}],"nm":"Group 4","np":2,"cix":2,"bm":0,"ix":3,"mn":"ADBE Vector Group","hd":false},{"ty":"gr","it":[{"ind":0,"ty":"sh","ix":1,"ks":{"a":1,"k":[{"i":{"x":0.667,"y":1},"o":{"x":0.167,"y":0},"t":18,"s":[{"i":[[0,0],[0,0],[0,0]],"o":[[0,0],[0,0],[0,0]],"v":[[-10.5,-1.5],[-2.5,6.5],[10.5,-6.5]],"c":false}],"e":[{"i":[[0,0],[0,0],[0,0]],"o":[[0,0],[0,0],[0,0]],"v":[[-14.563,-5.563],[-2.5,6.167],[14.563,-10.563]],"c":false}]},{"i":{"x":0.667,"y":1},"o":{"x":0.333,"y":0},"t":19,"s":[{"i":[[0,0],[0,0],[0,0]],"o":[[0,0],[0,0],[0,0]],"v":[[-14.563,-5.563],[-2.5,6.167],[14.563,-10.563]],"c":false}],"e":[{"i":[[0,0],[0,0],[0,0]],"o":[[0,0],[0,0],[0,0]],"v":[[-10.5,-1.5],[-2.5,10.375],[10.5,-6.5]],"c":false}]},{"t":21}],"ix":2},"nm":"Path 1","mn":"ADBE Vector Shape - Group","hd":false},{"ty":"tm","s":{"a":1,"k":[{"i":{"x":[0.833],"y":[1]},"o":{"x":[0.167],"y":[0]},"t":18,"s":[0],"e":[38]},{"t":21}],"ix":1},"e":{"a":1,"k":[{"i":{"x":[0.833],"y":[1]},"o":{"x":[0.167],"y":[0]},"t":18,"s":[100],"e":[38]},{"t":21}],"ix":2},"o":{"a":0,"k":0,"ix":3},"m":1,"ix":2,"nm":"Trim Paths 1","mn":"ADBE Vector Filter - Trim","hd":false},{"ty":"st","c":{"a":0,"k":[0,0,0,1],"ix":3},"o":{"a":0,"k":100,"ix":4},"w":{"a":0,"k":2,"ix":5},"lc":2,"lj":2,"bm":0,"nm":"Stroke 1","mn":"ADBE Vector Graphic - Stroke","hd":false},{"ty":"tr","p":{"a":0,"k":[27.5,9.5],"ix":2},"a":{"a":0,"k":[0,0],"ix":1},"s":{"a":0,"k":[100,100],"ix":3},"r":{"a":0,"k":0,"ix":6},"o":{"a":0,"k":100,"ix":7},"sk":{"a":0,"k":0,"ix":4},"sa":{"a":0,"k":0,"ix":5},"nm":"Transform"}],"nm":"Group 6","np":3,"cix":2,"bm":0,"ix":4,"mn":"ADBE Vector Group","hd":false}],"ip":14,"op":28,"st":13,"bm":0}],"markers":[]}