{"v":"5.4.4","fr":24,"ip":0,"op":28,"w":50,"h":50,"nm":"facebook-like-unlike","ddd":0,"assets":[],"layers":[{"ddd":0,"ind":1,"ty":4,"nm":"Hand","sr":1,"ks":{"o":{"a":0,"k":100,"ix":11},"r":{"a":0,"k":0,"ix":10},"p":{"a":0,"k":[25,25,0],"ix":2},"a":{"a":0,"k":[25,25,0],"ix":1},"s":{"a":0,"k":[100,100,100],"ix":6}},"ao":0,"shapes":[{"ty":"gr","it":[{"ind":0,"ty":"sh","ix":1,"ks":{"a":0,"k":{"i":[[0.551,0],[0,-0.552],[-0.551,0],[0,0.552]],"o":[[-0.551,0],[0,0.552],[0.551,0],[0,-0.552]],"v":[[0,-1],[-1,0],[0,1],[1,0]],"c":true},"ix":2},"nm":"Path 1","mn":"ADBE Vector Shape - Group","hd":false},{"ty":"fl","c":{"a":0,"k":[0,0,0,1],"ix":4},"o":{"a":0,"k":100,"ix":5},"r":1,"bm":0,"nm":"Fill 1","mn":"ADBE Vector Graphic - Fill","hd":false},{"ty":"st","c":{"a":0,"k":[0,0,0,1],"ix":3},"o":{"a":0,"k":100,"ix":4},"w":{"a":0,"k":1,"ix":5},"lc":2,"lj":1,"ml":10,"bm":0,"nm":"Stroke 1","mn":"ADBE Vector Graphic - Stroke","hd":false},{"ty":"tr","p":{"a":1,"k":[{"i":{"x":0.667,"y":0.696},"o":{"x":0.333,"y":0},"t":4,"s":[11.5,38.531],"e":[11.5,33.657],"to":[0,-0.527],"ti":[0,1.123]},{"i":{"x":0.667,"y":0.775},"o":{"x":0.333,"y":0.389},"t":5,"s":[11.5,33.657],"e":[11.5,29.848],"to":[0,-1.704],"ti":[0,0.968]},{"i":{"x":0.667,"y":1},"o":{"x":0.333,"y":0.78},"t":6,"s":[11.5,29.848],"e":[11.5,28.75],"to":[0,-0.412],"ti":[0,0.51]},{"i":{"x":0.667,"y":1},"o":{"x":0.333,"y":0},"t":7,"s":[11.5,28.75],"e":[11.5,23.531],"to":[0,-2.5],"ti":[0,0.87]},{"i":{"x":0.667,"y":0.667},"o":{"x":0.333,"y":0.333},"t":10,"s":[11.5,23.531],"e":[11.5,23.531],"to":[0,0],"ti":[0,0]},{"i":{"x":0.667,"y":0.761},"o":{"x":0.333,"y":0},"t":18,"s":[11.5,23.531],"e":[11.5,28.751],"to":[0,0.515],"ti":[0,-1.152]},{"i":{"x":0.667,"y":1},"o":{"x":0.259,"y":1},"t":20,"s":[11.5,28.751],"e":[11.5,28.75],"to":[0,0.712],"ti":[0,-0.954]},{"i":{"x":0.667,"y":1},"o":{"x":0.333,"y":0},"t":22,"s":[11.5,28.75],"e":[11.5,38.531],"to":[0,2.5],"ti":[0,-1.63]},{"t":25}],"ix":2},"a":{"a":0,"k":[0,0],"ix":1},"s":{"a":0,"k":[100,100],"ix":3},"r":{"a":0,"k":0,"ix":6},"o":{"a":0,"k":100,"ix":7},"sk":{"a":0,"k":0,"ix":4},"sa":{"a":0,"k":0,"ix":5},"nm":"Transform"}],"nm":"Group 7","np":3,"cix":2,"bm":0,"ix":1,"mn":"ADBE Vector Group","hd":false},{"ty":"gr","it":[{"ind":0,"ty":"sh","ix":1,"ks":{"a":0,"k":{"i":[[0,0],[0,0],[0,0],[0,0]],"o":[[0,0],[0,0],[0,0],[0,0]],"v":[[-6.5,-12],[6.5,-12],[6.5,12],[-3.5,12]],"c":true},"ix":2},"nm":"Path 1","mn":"ADBE Vector Shape - Group","hd":false},{"ty":"st","c":{"a":0,"k":[0,0,0,1],"ix":3},"o":{"a":0,"k":100,"ix":4},"w":{"a":0,"k":2,"ix":5},"lc":1,"lj":2,"bm":0,"nm":"Stroke 1","mn":"ADBE Vector Graphic - Stroke","hd":false},{"ty":"tr","p":{"a":1,"k":[{"i":{"x":0.667,"y":0.735},"o":{"x":0.333,"y":0},"t":4,"s":[9.563,32],"e":[9.5,26.407],"to":[0,-0.527],"ti":[0,1.123]},{"i":{"x":0.667,"y":0.789},"o":{"x":0.333,"y":0.365},"t":5,"s":[9.5,26.407],"e":[9.5,22.348],"to":[0,-1.704],"ti":[0,0.968]},{"i":{"x":0.667,"y":1},"o":{"x":0.33,"y":1},"t":6,"s":[9.5,22.348],"e":[9.5,21.5],"to":[0,-0.412],"ti":[0,0.51]},{"i":{"x":0.667,"y":1},"o":{"x":0.333,"y":0},"t":7,"s":[9.5,21.5],"e":[9.563,16.969],"to":[0,-2.5],"ti":[-0.01,0.755]},{"i":{"x":0.667,"y":0.667},"o":{"x":0.333,"y":0.333},"t":10,"s":[9.563,16.969],"e":[9.563,16.969],"to":[0,0],"ti":[0,0]},{"i":{"x":0.667,"y":0.724},"o":{"x":0.333,"y":0},"t":18,"s":[9.563,16.969],"e":[9.5,21.501],"to":[0,0.515],"ti":[0,-1.152]},{"i":{"x":0.667,"y":1},"o":{"x":0.259,"y":1},"t":20,"s":[9.5,21.501],"e":[9.5,21.5],"to":[0,0.712],"ti":[0,-0.954]},{"i":{"x":0.667,"y":1},"o":{"x":0.333,"y":0},"t":22,"s":[9.5,21.5],"e":[9.563,32],"to":[0,2.5],"ti":[-0.01,-1.75]},{"t":25}],"ix":2},"a":{"a":0,"k":[0,0],"ix":1},"s":{"a":0,"k":[100,100],"ix":3},"r":{"a":0,"k":0,"ix":6},"o":{"a":0,"k":100,"ix":7},"sk":{"a":0,"k":0,"ix":4},"sa":{"a":0,"k":0,"ix":5},"nm":"Transform"}],"nm":"Group 8","np":2,"cix":2,"bm":0,"ix":2,"mn":"ADBE Vector Group","hd":false},{"ty":"gr","it":[{"ind":0,"ty":"sh","ix":1,"ks":{"a":1,"k":[{"i":{"x":0.833,"y":0.833},"o":{"x":0.333,"y":0},"t":4,"s":[{"i":[[0,0],[0,-3.439],[1.002,-3.175],[0,0],[0,0],[0,0],[0,-1.654],[0.912,-0.551],[0,0],[0,0],[0,-0.704],[0.898,-0.543],[0,0],[0,0],[0,-0.704],[1.202,-0.423],[0,0],[0,0],[0,-0.596],[1.654,0],[0,0],[0.283,0.798],[0,0],[0,0],[0,0],[0,0],[0,0],[0,0],[0,0],[0,0],[0,0],[0,0],[0,0],[0,0],[0,0]],"o":[[1.918,0],[0,1.082],[0,0],[0,0],[0,0],[1.654,0],[0,1.06],[0,0],[0,0],[0.454,0.539],[0,1.044],[0,0],[0,0],[0.454,0.539],[0,1.271],[0,0],[0,0],[0.332,0.495],[0,1.654],[0,0],[-0.845,0],[0,0],[0,0],[0,0],[0,0],[0,0],[0,0],[0,0],[0,0],[0,0],[0,0],[0,0],[0,0],[0,0],[0,0]],"v":[[-5.962,-20],[-1.5,-12],[-3.076,-5.301],[-3.487,-4],[-2.123,-4],[12.5,-4],[15.5,-1],[14.044,1.572],[13.042,2.177],[13.796,3.072],[14.5,5],[13.044,7.572],[12.042,8.177],[12.796,9.072],[13.5,11],[11.491,13.832],[10.273,14.26],[10.992,15.332],[11.5,17],[8.5,20],[-10.5,20],[-12.387,18.666],[-12.623,18],[-13.329,18],[-13.5,18],[-14.5,18],[-15.5,18],[-15.5,-1],[-14.5,-1],[-13.5,-1],[-13.5,-2],[-8.606,-11.789],[-8.5,-12],[-8.5,-12.236],[-8.5,-20]],"c":true}],"e":[{"i":[[0,0],[-0.598,-0.887],[-0.031,-0.809],[0,0],[0,0],[0,0],[0,-1.654],[0.019,-0.381],[0,0],[0,0],[0,-0.704],[0.898,-0.543],[0,0],[0,0],[0,-0.704],[1.202,-0.423],[0,0],[0,0],[0,-0.596],[1.654,0],[0,0],[0.283,0.798],[0,0],[0,0],[0,0],[0,0],[0,0],[0,0],[0,0],[0,0],[0,0],[0,0],[0,0],[0,0],[0,0]],"o":[[0.903,-0.017],[0.277,0.676],[0,0],[0,0],[0,0],[1.654,0],[0,1.06],[0,0],[0,0],[0.662,0.48],[0,1.044],[0,0],[0,0],[0.616,0.526],[0,1.271],[0,0],[0,0],[0.578,0.415],[0,1.654],[0,0],[-0.845,0],[0,0],[0,0],[0,0],[0,0],[0,0],[0,0],[0,0],[0,0],[0,0],[0,0],[0,0],[0,0],[0,0],[0,0]],"v":[[-6.128,-7.196],[-4.37,-6.051],[-3.956,-4.329],[-3.487,-4],[-2.123,-4],[12.5,-4],[15.5,-1],[14.97,1.572],[14.061,2.362],[14.19,2.91],[15.264,5],[13.808,7.572],[13.917,8.084],[13.953,8.979],[14.958,11],[13.412,13.832],[13.398,14.167],[13.654,15.124],[14.255,17],[11.255,20],[-10.5,20],[-12.387,18.666],[-12.623,18],[-13.329,18],[-13.5,18],[-14.5,18],[-15.5,18],[-15.5,-1],[-14.5,-1],[-13.5,-1],[-13.5,-2],[-11.129,-5.18],[-9.797,-6.286],[-8.769,-6.829],[-7.568,-7.258]],"c":true}]},{"i":{"x":0.667,"y":1},"o":{"x":0.167,"y":0.167},"t":6,"s":[{"i":[[0,0],[-0.598,-0.887],[-0.031,-0.809],[0,0],[0,0],[0,0],[0,-1.654],[0.019,-0.381],[0,0],[0,0],[0,-0.704],[0.898,-0.543],[0,0],[0,0],[0,-0.704],[1.202,-0.423],[0,0],[0,0],[0,-0.596],[1.654,0],[0,0],[0.283,0.798],[0,0],[0,0],[0,0],[0,0],[0,0],[0,0],[0,0],[0,0],[0,0],[0,0],[0,0],[0,0],[0,0]],"o":[[0.903,-0.017],[0.277,0.676],[0,0],[0,0],[0,0],[1.654,0],[0,1.06],[0,0],[0,0],[0.662,0.48],[0,1.044],[0,0],[0,0],[0.616,0.526],[0,1.271],[0,0],[0,0],[0.578,0.415],[0,1.654],[0,0],[-0.845,0],[0,0],[0,0],[0,0],[0,0],[0,0],[0,0],[0,0],[0,0],[0,0],[0,0],[0,0],[0,0],[0,0],[0,0]],"v":[[-6.128,-7.196],[-4.37,-6.051],[-3.956,-4.329],[-3.487,-4],[-2.123,-4],[12.5,-4],[15.5,-1],[14.97,1.572],[14.061,2.362],[14.19,2.91],[15.264,5],[13.808,7.572],[13.917,8.084],[13.953,8.979],[14.958,11],[13.412,13.832],[13.398,14.167],[13.654,15.124],[14.255,17],[11.255,20],[-10.5,20],[-12.387,18.666],[-12.623,18],[-13.329,18],[-13.5,18],[-14.5,18],[-15.5,18],[-15.5,-1],[-14.5,-1],[-13.5,-1],[-13.5,-2],[-11.129,-5.18],[-9.797,-6.286],[-8.769,-6.829],[-7.568,-7.258]],"c":true}],"e":[{"i":[[0,0],[-0.524,0.008],[-0.393,0.02],[0,0],[0,0],[0,0],[0,-1.654],[-0.294,-0.322],[0,0],[0,0],[0,-0.704],[0.898,-0.543],[0,0],[0,0],[0,-0.704],[1.202,-0.423],[0,0],[0,0],[0,-0.596],[1.654,0],[0,0],[0.283,0.798],[0,0],[0,0],[0,0],[0,0],[0,0],[0,0],[0,0],[0,0],[0,0],[0,0],[0,0],[0,0],[0,0]],"o":[[0.548,-0.023],[0.687,0],[0,0],[0,0],[0,0],[1.654,0],[0,1.06],[0,0],[0,0],[0.735,0.459],[0,1.044],[0,0],[0,0],[0.673,0.522],[0,1.271],[0,0],[0,0],[0.664,0.387],[0,1.654],[0,0],[-0.845,0],[0,0],[0,0],[0,0],[0,0],[0,0],[0,0],[0,0],[0,0],[0,0],[0,0],[0,0],[0,0],[0,0],[0,0]],"v":[[-6.65,-3.938],[-5.375,-3.969],[-4.264,-3.988],[-3.487,-4],[-2.123,-4],[12.5,-4],[15.5,-1],[15.294,1.572],[14.417,2.427],[14.327,2.853],[15.531,5],[14.075,7.572],[14.573,8.052],[14.359,8.947],[15.469,11],[14.085,13.832],[14.492,14.135],[14.586,15.051],[15.219,17],[12.219,20],[-10.5,20],[-12.387,18.666],[-12.623,18],[-13.329,18],[-13.5,18],[-14.5,18],[-15.5,18],[-15.5,-1],[-14.5,-1],[-13.5,-1],[-13.5,-2],[-12.012,-2.867],[-10.125,-3.906],[-9.031,-3.924],[-7.875,-3.938]],"c":true}]},{"i":{"x":0.667,"y":1},"o":{"x":0.333,"y":0},"t":7,"s":[{"i":[[0,0],[-0.524,0.008],[-0.393,0.02],[0,0],[0,0],[0,0],[0,-1.654],[-0.294,-0.322],[0,0],[0,0],[0,-0.704],[0.898,-0.543],[0,0],[0,0],[0,-0.704],[1.202,-0.423],[0,0],[0,0],[0,-0.596],[1.654,0],[0,0],[0.283,0.798],[0,0],[0,0],[0,0],[0,0],[0,0],[0,0],[0,0],[0,0],[0,0],[0,0],[0,0],[0,0],[0,0]],"o":[[0.548,-0.023],[0.687,0],[0,0],[0,0],[0,0],[1.654,0],[0,1.06],[0,0],[0,0],[0.735,0.459],[0,1.044],[0,0],[0,0],[0.673,0.522],[0,1.271],[0,0],[0,0],[0.664,0.387],[0,1.654],[0,0],[-0.845,0],[0,0],[0,0],[0,0],[0,0],[0,0],[0,0],[0,0],[0,0],[0,0],[0,0],[0,0],[0,0],[0,0],[0,0]],"v":[[-6.65,-3.938],[-5.375,-3.969],[-4.264,-3.988],[-3.487,-4],[-2.123,-4],[12.5,-4],[15.5,-1],[15.294,1.572],[14.417,2.427],[14.327,2.853],[15.531,5],[14.075,7.572],[14.573,8.052],[14.359,8.947],[15.469,11],[14.085,13.832],[14.492,14.135],[14.586,15.051],[15.219,17],[12.219,20],[-10.5,20],[-12.387,18.666],[-12.623,18],[-13.329,18],[-13.5,18],[-14.5,18],[-15.5,18],[-15.5,-1],[-14.5,-1],[-13.5,-1],[-13.5,-2],[-12.012,-2.867],[-10.125,-3.906],[-9.031,-3.924],[-7.875,-3.938]],"c":true}],"e":[{"i":[[0,0],[0,-3.439],[1.002,-3.175],[0,0],[0,0],[0,0],[0,-1.654],[0.912,-0.551],[0,0],[0,0],[0,-0.704],[0.898,-0.543],[0,0],[0,0],[0,-0.704],[1.202,-0.423],[0,0],[0,0],[0,-0.596],[1.654,0],[0,0],[0.283,0.798],[0,0],[0,0],[0,0],[0,0],[0,0],[0,0],[0,0],[0,0],[0,0],[0,0],[0,0],[0,0],[0,0]],"o":[[1.918,0],[0,1.082],[0,0],[0,0],[0,0],[1.654,0],[0,1.06],[0,0],[0,0],[0.454,0.539],[0,1.044],[0,0],[0,0],[0.454,0.539],[0,1.271],[0,0],[0,0],[0.332,0.495],[0,1.654],[0,0],[-0.845,0],[0,0],[0,0],[0,0],[0,0],[0,0],[0,0],[0,0],[0,0],[0,0],[0,0],[0,0],[0,0],[0,0],[0,0]],"v":[[-5.962,-20],[-1.5,-12],[-3.076,-5.301],[-3.487,-4],[-2.123,-4],[12.5,-4],[15.5,-1],[14.044,1.572],[13.042,2.177],[13.796,3.072],[14.5,5],[13.044,7.572],[12.042,8.177],[12.796,9.072],[13.5,11],[11.491,13.832],[10.273,14.26],[10.992,15.332],[11.5,17],[8.5,20],[-10.5,20],[-12.387,18.666],[-12.623,18],[-13.329,18],[-13.5,18],[-14.5,18],[-15.5,18],[-15.5,-1],[-14.5,-1],[-13.5,-1],[-13.5,-2],[-8.606,-11.789],[-8.5,-12],[-8.5,-12.236],[-8.5,-20]],"c":true}]},{"i":{"x":0.667,"y":1},"o":{"x":0.333,"y":0},"t":10,"s":[{"i":[[0,0],[0,-3.439],[1.002,-3.175],[0,0],[0,0],[0,0],[0,-1.654],[0.912,-0.551],[0,0],[0,0],[0,-0.704],[0.898,-0.543],[0,0],[0,0],[0,-0.704],[1.202,-0.423],[0,0],[0,0],[0,-0.596],[1.654,0],[0,0],[0.283,0.798],[0,0],[0,0],[0,0],[0,0],[0,0],[0,0],[0,0],[0,0],[0,0],[0,0],[0,0],[0,0],[0,0]],"o":[[1.918,0],[0,1.082],[0,0],[0,0],[0,0],[1.654,0],[0,1.06],[0,0],[0,0],[0.454,0.539],[0,1.044],[0,0],[0,0],[0.454,0.539],[0,1.271],[0,0],[0,0],[0.332,0.495],[0,1.654],[0,0],[-0.845,0],[0,0],[0,0],[0,0],[0,0],[0,0],[0,0],[0,0],[0,0],[0,0],[0,0],[0,0],[0,0],[0,0],[0,0]],"v":[[-5.962,-20],[-1.5,-12],[-3.076,-5.301],[-3.487,-4],[-2.123,-4],[12.5,-4],[15.5,-1],[14.044,1.572],[13.042,2.177],[13.796,3.072],[14.5,5],[13.044,7.572],[12.042,8.177],[12.796,9.072],[13.5,11],[11.491,13.832],[10.273,14.26],[10.992,15.332],[11.5,17],[8.5,20],[-10.5,20],[-12.387,18.666],[-12.623,18],[-13.329,18],[-13.5,18],[-14.5,18],[-15.5,18],[-15.5,-1],[-14.5,-1],[-13.5,-1],[-13.5,-2],[-8.606,-11.789],[-8.5,-12],[-8.5,-12.236],[-8.5,-20]],"c":true}],"e":[{"i":[[0,0],[0,-3.439],[1.002,-3.175],[0,0],[0,0],[0,0],[0,-1.654],[0.912,-0.551],[0,0],[0,0],[0,-0.704],[0.898,-0.543],[0,0],[0,0],[0,-0.704],[1.202,-0.423],[0,0],[0,0],[0,-0.596],[1.654,0],[0,0],[0.283,0.798],[0,0],[0,0],[0,0],[0,0],[0,0],[0,0],[0,0],[0,0],[0,0],[0,0],[0,0],[0,0],[0,0]],"o":[[1.918,0],[0,1.082],[0,0],[0,0],[0,0],[1.654,0],[0,1.06],[0,0],[0,0],[0.454,0.539],[0,1.044],[0,0],[0,0],[0.454,0.539],[0,1.271],[0,0],[0,0],[0.332,0.495],[0,1.654],[0,0],[-0.845,0],[0,0],[0,0],[0,0],[0,0],[0,0],[0,0],[0,0],[0,0],[0,0],[0,0],[0,0],[0,0],[0,0],[0,0]],"v":[[-5.962,-20],[-1.5,-12],[-3.076,-5.301],[-3.487,-4],[-2.123,-4],[12.5,-4],[15.5,-1],[14.044,1.572],[13.042,2.177],[13.796,3.072],[14.5,5],[13.044,7.572],[12.042,8.177],[12.796,9.072],[13.5,11],[11.491,13.832],[10.273,14.26],[10.992,15.332],[11.5,17],[8.5,20],[-10.5,20],[-12.387,18.666],[-12.623,18],[-13.329,18],[-13.5,18],[-14.5,18],[-15.5,18],[-15.5,-1],[-14.5,-1],[-13.5,-1],[-13.5,-2],[-8.606,-11.789],[-8.5,-12],[-8.5,-12.236],[-8.5,-20]],"c":true}]},{"i":{"x":0.833,"y":0.833},"o":{"x":0.333,"y":0},"t":18,"s":[{"i":[[0,0],[0,-3.439],[1.002,-3.175],[0,0],[0,0],[0,0],[0,-1.654],[0.912,-0.551],[0,0],[0,0],[0,-0.704],[0.898,-0.543],[0,0],[0,0],[0,-0.704],[1.202,-0.423],[0,0],[0,0],[0,-0.596],[1.654,0],[0,0],[0.283,0.798],[0,0],[0,0],[0,0],[0,0],[0,0],[0,0],[0,0],[0,0],[0,0],[0,0],[0,0],[0,0],[0,0]],"o":[[1.918,0],[0,1.082],[0,0],[0,0],[0,0],[1.654,0],[0,1.06],[0,0],[0,0],[0.454,0.539],[0,1.044],[0,0],[0,0],[0.454,0.539],[0,1.271],[0,0],[0,0],[0.332,0.495],[0,1.654],[0,0],[-0.845,0],[0,0],[0,0],[0,0],[0,0],[0,0],[0,0],[0,0],[0,0],[0,0],[0,0],[0,0],[0,0],[0,0],[0,0]],"v":[[-5.962,-20],[-1.5,-12],[-3.076,-5.301],[-3.487,-4],[-2.123,-4],[12.5,-4],[15.5,-1],[14.044,1.572],[13.042,2.177],[13.796,3.072],[14.5,5],[13.044,7.572],[12.042,8.177],[12.796,9.072],[13.5,11],[11.491,13.832],[10.273,14.26],[10.992,15.332],[11.5,17],[8.5,20],[-10.5,20],[-12.387,18.666],[-12.623,18],[-13.329,18],[-13.5,18],[-14.5,18],[-15.5,18],[-15.5,-1],[-14.5,-1],[-13.5,-1],[-13.5,-2],[-8.606,-11.789],[-8.5,-12],[-8.5,-12.236],[-8.5,-20]],"c":true}],"e":[{"i":[[0,0],[-0.094,-0.744],[0.013,-0.834],[0,0],[0,0],[0,0],[0,-1.654],[0.309,-0.437],[0,0],[0,0],[0,-0.704],[0.898,-0.543],[0,0],[0,0],[0,-0.704],[1.202,-0.423],[0,0],[0,0],[0,-0.596],[1.654,0],[0,0],[0.283,0.798],[0,0],[0,0],[0,0],[0,0],[0,0],[0,0],[0,0],[0,0],[0,0],[0,0],[0,0],[0,0],[0,0]],"o":[[1.306,0.209],[0.125,0.443],[0,0],[0,0],[0,0],[1.654,0],[0,1.06],[0,0],[0,0],[0.595,0.499],[0,1.044],[0,0],[0,0],[0.563,0.53],[0,1.271],[0,0],[0,0],[0.498,0.441],[0,1.654],[0,0],[-0.845,0],[0,0],[0,0],[0,0],[0,0],[0,0],[0,0],[0,0],[0,0],[0,0],[0,0],[0,0],[0,0],[0,0],[0,0]],"v":[[-5.337,-8.438],[-3.75,-6.359],[-3.67,-4.645],[-3.487,-4],[-2.123,-4],[12.5,-4],[15.5,-1],[14.669,1.572],[13.73,2.302],[14.062,2.963],[15.016,5],[13.56,7.572],[13.308,8.115],[13.577,9.01],[14.484,11],[12.788,13.832],[12.382,14.197],[12.789,15.191],[13.359,17],[10.359,20],[-10.5,20],[-12.387,18.666],[-12.623,18],[-13.329,18],[-13.5,18],[-14.5,18],[-15.5,18],[-15.5,-1],[-14.5,-1],[-13.5,-1],[-13.5,-2],[-10.309,-7.328],[-9.313,-7.953],[-8.391,-8.236],[-7.094,-8.531]],"c":true}]},{"i":{"x":0.667,"y":1},"o":{"x":0.167,"y":0.167},"t":20,"s":[{"i":[[0,0],[-0.094,-0.744],[0.013,-0.834],[0,0],[0,0],[0,0],[0,-1.654],[0.309,-0.437],[0,0],[0,0],[0,-0.704],[0.898,-0.543],[0,0],[0,0],[0,-0.704],[1.202,-0.423],[0,0],[0,0],[0,-0.596],[1.654,0],[0,0],[0.283,0.798],[0,0],[0,0],[0,0],[0,0],[0,0],[0,0],[0,0],[0,0],[0,0],[0,0],[0,0],[0,0],[0,0]],"o":[[1.306,0.209],[0.125,0.443],[0,0],[0,0],[0,0],[1.654,0],[0,1.06],[0,0],[0,0],[0.595,0.499],[0,1.044],[0,0],[0,0],[0.563,0.53],[0,1.271],[0,0],[0,0],[0.498,0.441],[0,1.654],[0,0],[-0.845,0],[0,0],[0,0],[0,0],[0,0],[0,0],[0,0],[0,0],[0,0],[0,0],[0,0],[0,0],[0,0],[0,0],[0,0]],"v":[[-5.337,-8.438],[-3.75,-6.359],[-3.67,-4.645],[-3.487,-4],[-2.123,-4],[12.5,-4],[15.5,-1],[14.669,1.572],[13.73,2.302],[14.062,2.963],[15.016,5],[13.56,7.572],[13.308,8.115],[13.577,9.01],[14.484,11],[12.788,13.832],[12.382,14.197],[12.789,15.191],[13.359,17],[10.359,20],[-10.5,20],[-12.387,18.666],[-12.623,18],[-13.329,18],[-13.5,18],[-14.5,18],[-15.5,18],[-15.5,-1],[-14.5,-1],[-13.5,-1],[-13.5,-2],[-10.309,-7.328],[-9.313,-7.953],[-8.391,-8.236],[-7.094,-8.531]],"c":true}],"e":[{"i":[[0,0],[-0.524,0.008],[-0.393,0.02],[0,0],[0,0],[0,0],[0,-1.654],[-0.294,-0.322],[0,0],[0,0],[0,-0.704],[0.898,-0.543],[0,0],[0,0],[0,-0.704],[1.202,-0.423],[0,0],[0,0],[0,-0.596],[1.654,0],[0,0],[0.283,0.798],[0,0],[0,0],[0,0],[0,0],[0,0],[0,0],[0,0],[0,0],[0,0],[0,0],[0,0],[0,0],[0,0]],"o":[[0.548,-0.023],[0.687,0],[0,0],[0,0],[0,0],[1.654,0],[0,1.06],[0,0],[0,0],[0.735,0.459],[0,1.044],[0,0],[0,0],[0.673,0.522],[0,1.271],[0,0],[0,0],[0.664,0.387],[0,1.654],[0,0],[-0.845,0],[0,0],[0,0],[0,0],[0,0],[0,0],[0,0],[0,0],[0,0],[0,0],[0,0],[0,0],[0,0],[0,0],[0,0]],"v":[[-6.65,-3.938],[-5.375,-3.969],[-4.264,-3.988],[-3.487,-4],[-2.123,-4],[12.5,-4],[15.5,-1],[15.294,1.572],[14.417,2.427],[14.327,2.853],[15.531,5],[14.075,7.572],[14.573,8.052],[14.359,8.947],[15.469,11],[14.085,13.832],[14.492,14.135],[14.586,15.051],[15.219,17],[12.219,20],[-10.5,20],[-12.387,18.666],[-12.623,18],[-13.329,18],[-13.5,18],[-14.5,18],[-15.5,18],[-15.5,-1],[-14.5,-1],[-13.5,-1],[-13.5,-2],[-12.012,-2.867],[-10.125,-3.906],[-9.031,-3.924],[-7.875,-3.938]],"c":true}]},{"i":{"x":0.667,"y":1},"o":{"x":0.333,"y":0},"t":22,"s":[{"i":[[0,0],[-0.524,0.008],[-0.393,0.02],[0,0],[0,0],[0,0],[0,-1.654],[-0.294,-0.322],[0,0],[0,0],[0,-0.704],[0.898,-0.543],[0,0],[0,0],[0,-0.704],[1.202,-0.423],[0,0],[0,0],[0,-0.596],[1.654,0],[0,0],[0.283,0.798],[0,0],[0,0],[0,0],[0,0],[0,0],[0,0],[0,0],[0,0],[0,0],[0,0],[0,0],[0,0],[0,0]],"o":[[0.548,-0.023],[0.687,0],[0,0],[0,0],[0,0],[1.654,0],[0,1.06],[0,0],[0,0],[0.735,0.459],[0,1.044],[0,0],[0,0],[0.673,0.522],[0,1.271],[0,0],[0,0],[0.664,0.387],[0,1.654],[0,0],[-0.845,0],[0,0],[0,0],[0,0],[0,0],[0,0],[0,0],[0,0],[0,0],[0,0],[0,0],[0,0],[0,0],[0,0],[0,0]],"v":[[-6.65,-3.938],[-5.375,-3.969],[-4.264,-3.988],[-3.487,-4],[-2.123,-4],[12.5,-4],[15.5,-1],[15.294,1.572],[14.417,2.427],[14.327,2.853],[15.531,5],[14.075,7.572],[14.573,8.052],[14.359,8.947],[15.469,11],[14.085,13.832],[14.492,14.135],[14.586,15.051],[15.219,17],[12.219,20],[-10.5,20],[-12.387,18.666],[-12.623,18],[-13.329,18],[-13.5,18],[-14.5,18],[-15.5,18],[-15.5,-1],[-14.5,-1],[-13.5,-1],[-13.5,-2],[-12.012,-2.867],[-10.125,-3.906],[-9.031,-3.924],[-7.875,-3.938]],"c":true}],"e":[{"i":[[0,0],[0,-3.439],[1.002,-3.175],[0,0],[0,0],[0,0],[0,-1.654],[0.912,-0.551],[0,0],[0,0],[0,-0.704],[0.898,-0.543],[0,0],[0,0],[0,-0.704],[1.202,-0.423],[0,0],[0,0],[0,-0.596],[1.654,0],[0,0],[0.283,0.798],[0,0],[0,0],[0,0],[0,0],[0,0],[0,0],[0,0],[0,0],[0,0],[0,0],[0,0],[0,0],[0,0]],"o":[[1.918,0],[0,1.082],[0,0],[0,0],[0,0],[1.654,0],[0,1.06],[0,0],[0,0],[0.454,0.539],[0,1.044],[0,0],[0,0],[0.454,0.539],[0,1.271],[0,0],[0,0],[0.332,0.495],[0,1.654],[0,0],[-0.845,0],[0,0],[0,0],[0,0],[0,0],[0,0],[0,0],[0,0],[0,0],[0,0],[0,0],[0,0],[0,0],[0,0],[0,0]],"v":[[-5.962,-20],[-1.5,-12],[-3.076,-5.301],[-3.487,-4],[-2.123,-4],[12.5,-4],[15.5,-1],[14.044,1.572],[13.042,2.177],[13.796,3.072],[14.5,5],[13.044,7.572],[12.042,8.177],[12.796,9.072],[13.5,11],[11.491,13.832],[10.273,14.26],[10.992,15.332],[11.5,17],[8.5,20],[-10.5,20],[-12.387,18.666],[-12.623,18],[-13.329,18],[-13.5,18],[-14.5,18],[-15.5,18],[-15.5,-1],[-14.5,-1],[-13.5,-1],[-13.5,-2],[-8.606,-11.789],[-8.5,-12],[-8.5,-12.236],[-8.5,-20]],"c":true}]},{"t":25}],"ix":2},"nm":"Path 1","mn":"ADBE Vector Shape - Group","hd":false},{"ty":"st","c":{"a":0,"k":[0,0,0,1],"ix":3},"o":{"a":0,"k":100,"ix":4},"w":{"a":0,"k":2,"ix":5},"lc":1,"lj":2,"bm":0,"nm":"Stroke 1","mn":"ADBE Vector Graphic - Stroke","hd":false},{"ty":"tr","p":{"a":1,"k":[{"i":{"x":0.667,"y":1},"o":{"x":0.333,"y":0},"t":4,"s":[31.5,24],"e":[31.5,14],"to":[0,-1.667],"ti":[0,-0.833]},{"i":{"x":0.667,"y":1},"o":{"x":0.333,"y":0},"t":6,"s":[31.5,14],"e":[31.5,29],"to":[0,0.833],"ti":[0,-1.833]},{"i":{"x":0.667,"y":1},"o":{"x":0.333,"y":0},"t":7,"s":[31.5,29],"e":[31.5,25],"to":[0,1.833],"ti":[0,0.667]},{"i":{"x":0.667,"y":0.667},"o":{"x":0.333,"y":0.333},"t":10,"s":[31.5,25],"e":[31.5,25],"to":[0,0],"ti":[0,0]},{"i":{"x":0.667,"y":1},"o":{"x":0.333,"y":0},"t":18,"s":[31.5,25],"e":[31.5,30.225],"to":[0,-1.343],"ti":[0,2.745]},{"i":{"x":0.667,"y":1},"o":{"x":0.333,"y":0},"t":21,"s":[31.5,30.225],"e":[31.5,14],"to":[0,-1.003],"ti":[0,0.045]},{"i":{"x":0.667,"y":1},"o":{"x":0.333,"y":0},"t":22,"s":[31.5,14],"e":[31.5,24],"to":[0,-0.167],"ti":[0,-1.667]},{"t":25}],"ix":2},"a":{"a":0,"k":[0,0],"ix":1},"s":{"a":1,"k":[{"i":{"x":[0.667,0.667],"y":[1,1]},"o":{"x":[0.333,0.333],"y":[0,0]},"t":6,"s":[100,100],"e":[100,-100]},{"i":{"x":[0.667,0.667],"y":[1,1]},"o":{"x":[0.333,0.333],"y":[0,0]},"t":7,"s":[100,-100],"e":[100,-100]},{"i":{"x":[0.667,0.667],"y":[1,1]},"o":{"x":[0.333,0.333],"y":[0,0]},"t":21,"s":[100,-100],"e":[100,100]},{"t":22}],"ix":3},"r":{"a":0,"k":0,"ix":6},"o":{"a":0,"k":100,"ix":7},"sk":{"a":0,"k":0,"ix":4},"sa":{"a":0,"k":0,"ix":5},"nm":"Transform"}],"nm":"Group 9","np":2,"cix":2,"bm":0,"ix":3,"mn":"ADBE Vector Group","hd":false}],"ip":0,"op":28,"st":0,"bm":0}],"markers":[]}