{"v":"5.4.4","fr":24,"ip":0,"op":28,"w":50,"h":50,"nm":"twitter-circled 2","ddd":0,"assets":[],"layers":[{"ddd":0,"ind":1,"ty":4,"nm":"twitter-circled Outlines 2","sr":1,"ks":{"o":{"a":0,"k":100,"ix":11},"r":{"a":0,"k":0,"ix":10},"p":{"a":0,"k":[25,25,0],"ix":2},"a":{"a":0,"k":[25,25,0],"ix":1},"s":{"a":1,"k":[{"i":{"x":[0.363,0.363,0.667],"y":[1,1,1]},"o":{"x":[0.167,0.167,0.167],"y":[0.167,0.167,0]},"t":3,"s":[100,100,100],"e":[118,118,100]},{"i":{"x":[0.187,0.187,0.667],"y":[1,1,1]},"o":{"x":[0.579,0.579,0.333],"y":[0,0,0]},"t":13,"s":[118,118,100],"e":[118,118,100]},{"i":{"x":[0.833,0.833,0.833],"y":[0.833,0.833,1]},"o":{"x":[0.579,0.579,0.333],"y":[0,0,0]},"t":18,"s":[118,118,100],"e":[100,100,100]},{"t":25}],"ix":6}},"ao":0,"shapes":[{"ty":"gr","it":[{"ind":0,"ty":"sh","ix":1,"ks":{"a":0,"k":{"i":[[0.069,-0.05],[-0.021,-0.34],[0,-0.22],[2.5,-2.83],[4.82,0],[1.481,0.5],[-1.429,1.12],[0.14,0.4],[0.421,0.011],[0.81,1.03],[-0.281,0.08],[0.01,0.46],[0.461,0.09],[0.48,1.6],[-0.451,-0.02],[-0.139,0.43],[0.37,0.25],[0,1.58],[-0.071,0.31],[-4.26,-0.22],[-0.2,0.24],[0.07,0.3],[0,0.36],[-2.52,0],[-0.821,-0.88],[-0.34,0.07],[-0.149,0.04],[0.021,-0.01],[-0.13,-0.43],[-0.451,0.01]],"o":[[-0.271,0.2],[0.01,0.22],[0,3.4],[-2.49,2.84],[-1.651,0],[1.841,-0.39],[0.331,-0.26],[-0.131,-0.4],[-1.42,-0.03],[0.3,-0.04],[0.45,-0.12],[-0.021,-0.46],[-1.65,-0.34],[0.43,0.1],[0.449,0.01],[0.131,-0.42],[-1.22,-0.82],[0,-0.33],[2.84,2.82],[0.31,0.02],[0.199,-0.24],[-0.069,-0.33],[0,-2.52],[1.31,0],[0.24,0.25],[0.151,-0.03],[-0.019,0.02],[-0.389,0.23],[0.12,0.43],[-0.071,0.05]],"v":[[10.165,-6.32],[9.755,-5.46],[9.765,-4.79],[5.955,5.17],[-4.995,9.97],[-9.686,9.14],[-4.666,6.97],[-4.345,5.87],[-5.266,5.19],[-8.585,3.33],[-7.695,3.21],[-6.955,2.21],[-7.766,1.27],[-11.175,-1.91],[-9.925,-1.56],[-8.936,-2.26],[-9.335,-3.39],[-11.356,-7.17],[-11.115,-8.07],[-0.235,-3.17],[0.585,-3.53],[0.784,-4.4],[0.665,-5.43],[5.205,-9.97],[8.515,-8.54],[9.444,-8.24],[9.864,-8.41],[9.814,-8.36],[9.375,-7.23],[10.345,-6.5]],"c":true},"ix":2},"nm":"Path 1","mn":"ADBE Vector Shape - Group","hd":false},{"ind":1,"ty":"sh","ix":2,"ks":{"a":0,"k":{"i":[[0.25,0.34],[0.41,-0.13],[-0.111,0.34],[0.321,0.26],[0.349,-0.22],[1.019,-0.24],[1.609,0],[0,-3.6],[0,-0.02],[2.309,2.84],[0.33,-0.02],[0.16,-0.28],[0,-1.2],[-0.449,-0.89],[0,-0.47],[0,0],[-1.34,-1.2],[-0.109,-0.37],[-1.63,-0.77],[1.54,0],[0.389,0.05],[0.15,-0.439],[-0.391,-0.26],[-3.32,0],[-2.83,3.21],[0,3.91],[0,0],[-0.691,1.04]],"o":[[-0.25,-0.34],[0.17,-0.32],[0.13,-0.39],[-0.33,-0.25],[-0.88,0.51],[-1.14,-0.97],[-3.601,0],[0,0.02],[-3.81,-0.51],[-0.21,-0.26],[-0.33,0.03],[-0.57,0.97],[0,1.06],[-0.459,0.09],[0,0],[0,1.94],[-0.27,0.27],[0.56,1.73],[-1.301,0.61],[-0.409,0],[-0.46,-0.06],[-0.16,0.44],[2.609,1.66],[5.369,0],[2.84,-3.22],[0,0],[0.969,-0.78],[0.24,-0.35]],"v":[[14.314,-8.97],[13.215,-9.33],[13.715,-10.26],[13.394,-11.35],[12.265,-11.42],[9.385,-10.33],[5.205,-11.97],[-1.335,-5.43],[-1.325,-5.36],[-10.825,-10.59],[-11.686,-10.96],[-12.465,-10.46],[-13.356,-7.17],[-12.606,-4.23],[-13.396,-3.26],[-13.396,-3.19],[-11.155,1.62],[-11.416,2.65],[-7.925,6.51],[-12.166,7.56],[-13.365,7.49],[-14.425,8.14],[-14.025,9.33],[-4.995,11.97],[7.455,6.5],[11.765,-4.79],[11.765,-5.14],[14.345,-7.82]],"c":true},"ix":2},"nm":"Path 2","mn":"ADBE Vector Shape - Group","hd":false},{"ty":"mm","mm":1,"nm":"Merge Paths 1","mn":"ADBE Vector Filter - Merge","hd":false},{"ty":"fl","c":{"a":0,"k":[0,0,0,1],"ix":4},"o":{"a":0,"k":100,"ix":5},"r":1,"bm":0,"nm":"Fill 2","mn":"ADBE Vector Graphic - Fill","hd":false},{"ty":"fl","c":{"a":0,"k":[0,0,0,1],"ix":4},"o":{"a":0,"k":100,"ix":5},"r":1,"bm":0,"nm":"Fill 1","mn":"ADBE Vector Graphic - Fill","hd":false},{"ty":"tr","p":{"a":0,"k":[25.485,26.03],"ix":2},"a":{"a":0,"k":[0,0],"ix":1},"s":{"a":0,"k":[100,100],"ix":3},"r":{"a":0,"k":0,"ix":6},"o":{"a":0,"k":100,"ix":7},"sk":{"a":0,"k":0,"ix":4},"sa":{"a":0,"k":0,"ix":5},"nm":"Transform"}],"nm":"Group 1","np":5,"cix":2,"bm":0,"ix":1,"mn":"ADBE Vector Group","hd":false}],"ip":0,"op":28,"st":0,"bm":0},{"ddd":0,"ind":2,"ty":4,"nm":"Circle","sr":1,"ks":{"o":{"a":0,"k":100,"ix":11},"r":{"a":0,"k":0,"ix":10},"p":{"a":0,"k":[25,25,0],"ix":2},"a":{"a":0,"k":[25,25,0],"ix":1},"s":{"a":1,"k":[{"i":{"x":[0,0,0.667],"y":[1,1,1]},"o":{"x":[0.167,0.167,0.167],"y":[0.167,0.167,0]},"t":6,"s":[100,100,100],"e":[108,108,100]},{"i":{"x":[0,0,0.667],"y":[1,1,1]},"o":{"x":[1,1,0.333],"y":[0,0,0]},"t":16,"s":[108,108,100],"e":[108,108,100]},{"i":{"x":[0.833,0.833,0.833],"y":[0.833,0.833,1]},"o":{"x":[1,1,0.333],"y":[0,0,0]},"t":21,"s":[108,108,100],"e":[100,100,100]},{"t":25}],"ix":6}},"ao":0,"shapes":[{"ty":"gr","it":[{"ind":0,"ty":"sh","ix":1,"ks":{"a":0,"k":{"i":[[11.61,0],[0,11.61],[-11.61,0],[0,-11.61]],"o":[[-11.61,0],[0,-11.61],[11.61,0],[0,11.61]],"v":[[0,21],[-21,0],[0,-21],[21,0]],"c":true},"ix":2},"nm":"Path 3","mn":"ADBE Vector Shape - Group","hd":false},{"ind":1,"ty":"sh","ix":2,"ks":{"a":0,"k":{"i":[[12.69,0],[0,-12.69],[-12.69,0],[0,12.69]],"o":[[-12.69,0],[0,12.69],[12.69,0],[0,-12.69]],"v":[[0,-23],[-23,0],[0,23],[23,0]],"c":true},"ix":2},"nm":"Path 4","mn":"ADBE Vector Shape - Group","hd":false},{"ty":"mm","mm":1,"nm":"Merge Paths 1","mn":"ADBE Vector Filter - Merge","hd":false},{"ty":"fl","c":{"a":0,"k":[0,0,0,1],"ix":4},"o":{"a":0,"k":100,"ix":5},"r":1,"bm":0,"nm":"Fill 1","mn":"ADBE Vector Graphic - Fill","hd":false},{"ty":"tr","p":{"a":0,"k":[25,25],"ix":2},"a":{"a":0,"k":[0,0],"ix":1},"s":{"a":0,"k":[100,100],"ix":3},"r":{"a":0,"k":0,"ix":6},"o":{"a":0,"k":100,"ix":7},"sk":{"a":0,"k":0,"ix":4},"sa":{"a":0,"k":0,"ix":5},"nm":"Transform"}],"nm":"Group 2","np":4,"cix":2,"bm":0,"ix":1,"mn":"ADBE Vector Group","hd":false}],"ip":0,"op":28,"st":0,"bm":0}],"markers":[]}