{"v":"5.4.4","fr":24,"ip":0,"op":28,"w":50,"h":50,"nm":"wordpress","ddd":0,"assets":[],"layers":[{"ddd":0,"ind":1,"ty":4,"nm":"wordpress Outlines","sr":1,"ks":{"o":{"a":0,"k":100,"ix":11},"r":{"a":1,"k":[{"i":{"x":[0.825],"y":[1]},"o":{"x":[1],"y":[0]},"t":3,"s":[0],"e":[385]},{"i":{"x":[0.215],"y":[1]},"o":{"x":[0.511],"y":[0]},"t":22,"s":[385],"e":[360]},{"t":25}],"ix":10},"p":{"a":0,"k":[25,25,0],"ix":2},"a":{"a":0,"k":[25,25,0],"ix":1},"s":{"a":0,"k":[100,100,100],"ix":6}},"ao":0,"shapes":[{"ty":"gr","it":[{"ind":0,"ty":"sh","ix":1,"ks":{"a":0,"k":{"i":[[3.73,-3.109],[0,0],[-0.24,0.96],[0,-1.27]],"o":[[0,0],[0.44,-1.11],[0.26,1.191],[0,5.26]],"v":[[10.89,13.06],[15.6,-0.6],[16.59,-3.7],[17,0]],"c":true},"ix":2},"nm":"Path 1","mn":"ADBE Vector Shape - Group","hd":false},{"ind":1,"ty":"sh","ix":2,"ks":{"a":0,"k":{"i":[[0,0],[0,0],[1,0],[0,0],[2.1,0],[0,0],[0,0],[-1,0],[-1.1,-0.1],[0,0],[0,0],[0,0],[0,0],[1,0],[0,0],[1.441,-0.089],[-5.2,0],[-2.889,-2.27],[0,-0.85],[-1,-1.6],[0,-2.4],[1,-2.599],[0,0]],"o":[[1.2,-0.1],[1,-0.1],[0,0],[0,0],[-1.9,0],[0,0],[-1,0],[0,0],[0,0],[0,0],[0,0],[1.199,-0.101],[1,-0.1],[0,0],[0,0],[3.111,-3.669],[3.97,0],[-0.5,0.619],[0,1.6],[0.801,1.3],[0,1.701],[0,0],[0,0]],"v":[[2.6,-9.299],[4.901,-9.5],[4.8,-11.1],[4.701,-11.1],[-0.6,-10.799],[-5.799,-11.1],[-5.9,-11.1],[-6,-9.5],[-3.9,-9.299],[-0.799,-0.899],[-5.1,12],[-12.299,-9.399],[-10,-9.6],[-10.1,-11.2],[-10.2,-11.2],[-12.95,-11],[0,-17],[10.5,-13.359],[9.701,-11.1],[11.6,-6.5],[13.201,-1.1],[11.701,5.3],[9.701,11.901]],"c":true},"ix":2},"nm":"Path 2","mn":"ADBE Vector Shape - Group","hd":false},{"ind":2,"ty":"sh","ix":3,"ks":{"a":0,"k":{"i":[[0.399,-0.191],[0,0],[0,0],[0,0],[0,0],[0,0],[-0.5,0],[0,0],[0,0],[0,0]],"o":[[0,0],[0,0],[0,0],[0,0],[0,0],[0.4,0.1],[0,0],[0,0],[0,0],[-0.38,0.231]],"v":[[7.531,15.231],[2.201,1],[1.5,-0.899],[1.3,-1.6],[-1.4,-8.899],[-0.4,-8.899],[0.8,-8.799],[0.9,-8.6],[8,12.6],[8.701,14.59]],"c":true},"ix":2},"nm":"Path 3","mn":"ADBE Vector Shape - Group","hd":false},{"ind":3,"ty":"sh","ix":4,"ks":{"a":0,"k":{"i":[[1.87,0],[1.58,0.481],[0,0],[0,0]],"o":[[-1.74,0],[0,0],[0,0],[-1.679,0.551]],"v":[[0,17],[-5,16.25],[0,1.6],[5.34,16.14]],"c":true},"ix":2},"nm":"Path 4","mn":"ADBE Vector Shape - Group","hd":false},{"ind":4,"ty":"sh","ix":5,"ks":{"a":0,"k":{"i":[[0,0],[0.27,0.13],[0,0],[-0.35,0.58],[0,0],[0,0],[0,0],[0,0]],"o":[[-0.279,-0.12],[0,0],[0.28,-0.62],[0,0],[0,0],[0,0],[0,0],[0,0]],"v":[[-6.54,15.701],[-7.35,15.321],[-15.48,-7],[-14.53,-8.799],[-14.1,-8.799],[-14,-8.6],[-6.799,12.8],[-6.2,14.6]],"c":true},"ix":2},"nm":"Path 5","mn":"ADBE Vector Shape - Group","hd":false},{"ind":5,"ty":"sh","ix":6,"ks":{"a":0,"k":{"i":[[0,5.47],[-0.24,1.14],[0,0]],"o":[[0,-1.21],[0,0],[-4,-3.099]],"v":[[-17,0],[-16.63,-3.53],[-10.42,13.42]],"c":true},"ix":2},"nm":"Path 6","mn":"ADBE Vector Shape - Group","hd":false},{"ind":6,"ty":"sh","ix":7,"ks":{"a":0,"k":{"i":[[-0.189,0.28],[-0.83,-1.769],[0.279,-1.131],[0.599,1],[0,0],[0,0.9]],"o":[[1.361,1.38],[-0.02,1.14],[-0.401,-1.401],[0,0],[-0.8,-1.301],[0,-0.339]],"v":[[12.09,-11.96],[15.39,-7.2],[14.901,-3.799],[13.401,-7.399],[13.201,-7.799],[11.8,-11]],"c":true},"ix":2},"nm":"Path 7","mn":"ADBE Vector Shape - Group","hd":false},{"ind":7,"ty":"sh","ix":8,"ks":{"a":0,"k":{"i":[[10.491,0],[0,-10.49],[-10.49,0],[0,10.491]],"o":[[-10.49,0],[0,10.491],[10.491,0],[0,-10.49]],"v":[[0,-19],[-19,0],[0,19],[19,0]],"c":true},"ix":2},"nm":"Path 8","mn":"ADBE Vector Shape - Group","hd":false},{"ty":"mm","mm":1,"nm":"Merge Paths 1","mn":"ADBE Vector Filter - Merge","hd":false},{"ty":"fl","c":{"a":0,"k":[0,0,0,1],"ix":4},"o":{"a":0,"k":100,"ix":5},"r":1,"bm":0,"nm":"Fill 2","mn":"ADBE Vector Graphic - Fill","hd":false},{"ty":"fl","c":{"a":0,"k":[0,0,0,1],"ix":4},"o":{"a":0,"k":100,"ix":5},"r":1,"bm":0,"nm":"Fill 1","mn":"ADBE Vector Graphic - Fill","hd":false},{"ty":"tr","p":{"a":0,"k":[25,25],"ix":2},"a":{"a":0,"k":[0,0],"ix":1},"s":{"a":0,"k":[100,100],"ix":3},"r":{"a":0,"k":0,"ix":6},"o":{"a":0,"k":100,"ix":7},"sk":{"a":0,"k":0,"ix":4},"sa":{"a":0,"k":0,"ix":5},"nm":"Transform"}],"nm":"Group 1","np":11,"cix":2,"bm":0,"ix":1,"mn":"ADBE Vector Group","hd":false}],"ip":0,"op":28,"st":0,"bm":0},{"ddd":0,"ind":2,"ty":4,"nm":"Circle","sr":1,"ks":{"o":{"a":0,"k":100,"ix":11},"r":{"a":0,"k":0,"ix":10},"p":{"a":0,"k":[25,25,0],"ix":2},"a":{"a":0,"k":[25,25,0],"ix":1},"s":{"a":1,"k":[{"i":{"x":[0.667,0.667,0.667],"y":[1,1,1]},"o":{"x":[0.833,0.833,0.333],"y":[0,0,0]},"t":16,"s":[100,100,100],"e":[103,103,100]},{"i":{"x":[0.491,0.491,0.667],"y":[1,1,1]},"o":{"x":[0.45,0.45,0.333],"y":[0,0,0]},"t":22,"s":[103,103,100],"e":[100,100,100]},{"t":25}],"ix":6}},"ao":0,"shapes":[{"ty":"gr","it":[{"ind":0,"ty":"sh","ix":1,"ks":{"a":0,"k":{"i":[[11.61,0],[0,11.61],[-11.61,0],[0,-11.61]],"o":[[-11.61,0],[0,-11.61],[11.61,0],[0,11.61]],"v":[[0,21],[-21,0],[0,-21],[21,0]],"c":true},"ix":2},"nm":"Path 3","mn":"ADBE Vector Shape - Group","hd":false},{"ind":1,"ty":"sh","ix":2,"ks":{"a":0,"k":{"i":[[12.69,0],[0,-12.69],[-12.69,0],[0,12.69]],"o":[[-12.69,0],[0,12.69],[12.69,0],[0,-12.69]],"v":[[0,-23],[-23,0],[0,23],[23,0]],"c":true},"ix":2},"nm":"Path 4","mn":"ADBE Vector Shape - Group","hd":false},{"ty":"mm","mm":1,"nm":"Merge Paths 1","mn":"ADBE Vector Filter - Merge","hd":false},{"ty":"fl","c":{"a":0,"k":[0,0,0,1],"ix":4},"o":{"a":0,"k":100,"ix":5},"r":1,"bm":0,"nm":"Fill 1","mn":"ADBE Vector Graphic - Fill","hd":false},{"ty":"tr","p":{"a":0,"k":[25,25],"ix":2},"a":{"a":0,"k":[0,0],"ix":1},"s":{"a":0,"k":[100,100],"ix":3},"r":{"a":0,"k":0,"ix":6},"o":{"a":0,"k":100,"ix":7},"sk":{"a":0,"k":0,"ix":4},"sa":{"a":0,"k":0,"ix":5},"nm":"Transform"}],"nm":"Group 2","np":4,"cix":2,"bm":0,"ix":1,"mn":"ADBE Vector Group","hd":false}],"ip":0,"op":28,"st":0,"bm":0}],"markers":[]}